Transaktionsexport;;;;;;2026-09-05 14:43:46
;;;;;;
;;;;;;
Datum;Bokfört;Specifikation;Ort;Valuta;Utl. belopp;Belopp
2026-09-03;2026-09-04;7-ELEVEN VAESTRA HAMNG;GOETEBORG;SEK;0.0;45.0
2026-09-03;2026-09-04;JOE  THE JUICE NG AB;STOCKHOLM;SEK;0.0;92.0
2026-09-03;2026-09-04;SP GEGGAMOJA.COM;ENEBYBERG;SEK;0.0;1674.45
2026-09-02;2026-09-03;APPLE.COM/BILL;CORK;SEK;0.0;995.0
2026-09-02;2026-09-03;FOODORA AB;STOCKHOLM;SEK;0.0;403.0
2026-09-02;2026-09-03;KAPPAHL GOETEBORG AVEN;GOETEBORG;SEK;0.0;448.0
2026-09-01;2026-09-02;BILIA;SOLNA;SEK;0.0;189.0
2026-09-01;2026-09-02;GOTEBORG CITY MAT &;GOTEBORG;SEK;0.0;101.0
2026-09-01;2026-09-02;WILLYS GOTEBORG HVIT;GOTEBORG;SEK;0.0;186.41
2026-08-31;2026-09-01;7-ELEVEN KUNGSPORTSAVE;GOETEBORG;SEK;0.0;29.0
2026-08-31;2026-09-03;STAR BOWLING GA.TEBORG;GA.TEBORG;SEK;0.0;440.0
2026-08-31;2026-09-01;VASTTRAFIK TO GO;SKOVDE;SEK;0.0;38.0
2026-08-31;2026-09-01;WILLYS GOTEBORG HVIT;GOTEBORG;SEK;0.0;288.13
2026-08-31;2026-09-01;WILLYS GOTEBORG HVIT;GOTEBORG;SEK;0.0;519.84
2026-08-30;2026-08-31;7-ELEVEN 4116157;GOTEBORG;SEK;0.0;78.0
2026-08-30;2026-08-31;7-ELEVEN VAESTRA HAMNG;GOETEBORG;SEK;0.0;64.0
2026-08-30;2026-08-31;AKADEMIBOKHANDE;GÖTEBORG;SEK;0.0;388.0
2026-08-30;2026-08-31;TV4 AKTIEBOLAG;STOCKHOLM;SEK;0.0;399.0
2026-08-29;2026-08-30;7-ELEVEN KUNGSPORTSAVE;GOETEBORG;SEK;0.0;80.0
2026-08-29;2026-08-30;LEMON GARDEN GOTEBORG.;GOTEBORG;SEK;0.0;499.0
2026-08-29;2026-08-30;WILLYS GOTEBORG HVIT;GOTEBORG;SEK;0.0;163.25
2026-08-29;2026-08-30;WILLYS GOTEBORG HVIT;GOTEBORG;SEK;0.0;196.32
2026-08-28;2026-08-29;BEETS SALADS BAR;GOTEBORG;SEK;0.0;198.0
2026-08-28;2026-08-29;HELP.HBOMAX.COM;STOCKHOLM;SEK;0.0;74.5
2026-08-28;2026-08-29;WILLYS GOTEBORG HVIT;GOTEBORG;SEK;0.0;105.87
2026-08-27;2026-08-28;APOTEK HJARTAT KUNGSGA;GOTEBORG;SEK;0.0;615.07
2026-08-27;2026-08-28;ESPRESSO HOUSE 236;GOETEBORG;SEK;0.0;42.0
2026-08-27;2026-08-28;LIDL329GBGKUNGSGATAN;GOTEBORG;SEK;0.0;49.86
2026-08-27;2026-08-28;WILLYS GOTEBORG HVIT;GOTEBORG;SEK;0.0;286.59
2026-08-26;2026-08-27;7-ELEVEN KUNGSPORTSAVE;GOETEBORG;SEK;0.0;57.0
2026-08-26;2026-08-27;COLLAGE;GOTEBORG;SEK;0.0;940.5
2026-08-26;2026-08-27;COOP AVENYN;GOTEBORG;SEK;0.0;1035.05
2026-08-26;2026-08-26;EASYPARK;EASYPARK.SE;SEK;0.0;57.5
2026-08-26;2026-08-27;KAPPAHL GOETEBORG AVEN;GOETEBORG;SEK;0.0;184.3
2026-08-26;2026-08-27;KAPPAHL GOETEBORG AVEN;GOETEBORG;SEK;0.0;358.0
2026-08-26;2026-08-27;SYSTEMBOLAGET;GOETEBORG;SEK;0.0;1012.9
2026-08-26;2026-08-27;WILLYS GOTEBORG HVIT;GOTEBORG;SEK;0.0;426.18
2026-08-25;2026-08-26;FOODORA AB;STOCKHOLM;SEK;0.0;228.0
2026-08-24;2026-08-25;7-ELEVEN KUNGSPORTSAVE;GOETEBORG;SEK;0.0;112.0
2026-08-24;2026-08-25;WILLYS GOTEBORG HVIT;GOTEBORG;SEK;0.0;277.3
2026-08-23;2026-08-24;FOODORA AB;STOCKHOLM;SEK;0.0;383.0
2026-08-23;2026-08-24;MCSNACKSCANDINAVIUM;GOTEBORG;SEK;0.0;35.0
2026-08-23;2026-08-24;WILLYS GOTEBORG HVIT;GOTEBORG;SEK;0.0;306.56
2026-08-22;2026-08-23;APOTEK HJARTAT ICA MAX;MELLBYSTRAND;SEK;0.0;35.0
2026-08-22;2026-08-23;NORRVIKEN;BASTAD;SEK;0.0;525.0
2026-08-22;2026-08-23;PARKSTER SWE;LUND;SEK;0.0;48.0
2026-08-22;2026-08-23;WEIQ X CHOCOLATERIAN B;MALMOE;SEK;0.0;359.0
2026-08-21;2026-08-22;AHLENS GOETEBORG KUNGS;GOETEBORG;SEK;0.0;39.0
2026-08-21;2026-08-22;APOHEM.SE;STOCKHOLM;SEK;0.0;735.0
2026-08-21;2026-08-22;BLOCKET AB;STOCKHOLM;SEK;0.0;859.0
2026-08-21;2026-08-22;GOTEBORG CITY MAT &;GOTEBORG;SEK;0.0;155.0
2026-08-21;2026-08-22;WILLYS GOTEBORG HVIT;GOTEBORG;SEK;0.0;310.13
2026-08-20;2026-08-21;PUTA MADRE;GOTEBORG;SEK;0.0;489.5
2026-08-19;2026-08-20;ESPRESSO HOUSE 236;GOETEBORG;SEK;0.0;56.0
2026-08-19;2026-08-20;FOODORA AB;STOCKHOLM;SEK;0.0;471.0
2026-08-18;2026-08-18;SPOTIFY P45CB1FB17;STOCKHOLM;SEK;0.0;129.0
2026-08-18;2026-08-19;WILLYS GOTEBORG HVIT;GOTEBORG;SEK;0.0;28.0
2026-08-18;2026-08-19;WILLYS GOTEBORG HVIT;GOTEBORG;SEK;0.0;139.13
2026-08-18;2026-08-19;WILLYS GOTEBORG HVIT;GOTEBORG;SEK;0.0;328.57
2026-08-17;2026-08-18;7-ELEVEN KORSETTEN;GOETEBORG;SEK;0.0;29.0
2026-08-17;2026-08-18;HARMONI DUMPLINGS ECOM;GOTEBORG;SEK;0.0;175.0
2026-08-17;2026-08-18;LIVLY;GOTEBORG;SEK;0.0;684.0
2026-08-16;2026-08-17;LITEN KARIN HB;GOTEBORG;SEK;0.0;125.0
2026-08-16;2026-08-16;NETFLIX.COM;LOS GATOS;SEK;0.0;219.0
2026-08-16;2026-08-17;PINCH PANTRY AB;GOTEBORG;SEK;0.0;152.0
2026-08-16;2026-08-17;WILLYS GOTEBORG HVIT;GOTEBORG;SEK;0.0;559.86
2026-08-15;2026-08-16;MAXI ICA STORMARKNAD M;MELLBYSTRAND;SEK;0.0;126.56
2026-08-15;2026-08-15;PODME 4EE-B35693A406B1;STOCKHOLM;SEK;0.0;99.0
2026-08-14;2026-08-15;APOTEK HJARTAT ICA MAX;MELLBYSTRAND;SEK;0.0;561.4
2026-08-14;2026-08-15;CIRCLE K VARBERG NORD;VARBERG;SEK;0.0;79.0
2026-08-14;2026-08-15;W*MMSPORTS.SE;ASKIM;SEK;0.0;1299.0
2026-08-13;2026-08-14;BONNIER NEWS;STOCKHOLM;SEK;0.0;39.0
2026-08-13;2026-08-14;GOTEBORG CITY MAT &;GOTEBORG;SEK;0.0;196.0
2026-08-13;2026-08-14;LINDEX GOTEBORG;GOTEBORG;SEK;0.0;587.0
2026-08-13;2026-08-14;SANDVIKS FÖRLAG;MALMO;SEK;0.0;79.0
2026-08-13;2026-08-14;STADIUM FREDSGA;GOTEBORG;SEK;0.0;382.8
2026-08-12;2026-08-12;APPLE.COM/BILL;CORK;SEK;0.0;89.0
2026-08-10;2026-08-11;7-ELEVEN GBG KUNGSGATA;GOETEBORG;SEK;0.0;64.0
2026-08-10;2026-08-11;AHLENS GOETEBORG KUNGS;GOETEBORG;SEK;0.0;54.0
2026-08-10;2026-08-11;AHLENS GOETEBORG KUNGS;GOETEBORG;SEK;0.0;1357.25
2026-08-10;2026-08-11;PIADA MIA;GOTEBORG;SEK;0.0;95.0
2026-08-10;2026-08-11;WILLYS GOTEBORG HVIT;GOTEBORG;SEK;0.0;82.6
2026-08-09;2026-08-10;WILLYS GOTEBORG HVIT;GOTEBORG;SEK;0.0;107.93
2026-08-09;2026-08-10;WILLYS GOTEBORG HVIT;GOTEBORG;SEK;0.0;139.13
2026-08-08;2026-08-09;WILLYS GOTEBORG HVIT;GOTEBORG;SEK;0.0;117.38
2026-08-08;2026-08-09;WILLYS GOTEBORG HVIT;GOTEBORG;SEK;0.0;173.29
2026-08-08;2026-08-09;WILLYS GOTEBORG HVIT;GOTEBORG;SEK;0.0;285.92
2026-08-07;2026-08-08;GOTEBORG CITY MAT &;GOTEBORG;SEK;0.0;145.0
2026-08-07;2026-08-08;NK BEAUTY GBG;GA.TEBORG;SEK;0.0;915.0
2026-08-07;2026-08-08;NK KIDS & TEENS GBG;GA.TEBORG;SEK;0.0;378.0
2026-08-07;2026-08-08;WILLYS GOTEBORG HVIT;GOTEBORG;SEK;0.0;135.38
2026-08-07;2026-08-08;WILLYS GOTEBORG HVIT;GOTEBORG;SEK;0.0;284.91
2026-08-06;2026-08-07;CPH.DK;KASTRUP;DKK;1369.0;2065.54
2026-08-05;2026-08-06;SNUSBOLAGET.SE;HANINGE;SEK;0.0;1079.7
2026-08-03;2026-08-04;APOTEKET HALLARNA HALM;HALMSTAD;SEK;0.0;59.8
2026-08-03;2026-08-04;BAGERI SAF;FALKENBERG;SEK;0.0;252.0
2026-08-03;2026-08-04;LINDEX HALMSTAD;HALMSTAD;SEK;0.0;991.0
2026-08-02;2026-08-03;7-ELEVEN VAESTRA HAMNG;GOETEBORG;SEK;0.0;64.0
2026-08-02;2026-08-03;AHLENS GOETEBORG KUNGS;GOETEBORG;SEK;0.0;117.5
2026-08-02;2026-08-03;APOTEK HJARTAT KUNGSGA;GOTEBORG;SEK;0.0;109.0
2026-08-02;2026-08-03;LEKIA KUNGSGATAN;GOTEBORG;SEK;0.0;340.8
2026-08-02;2026-08-03;LEXINGTON HOME GOT;GOTEBORG;SEK;0.0;245.0
2026-08-02;2026-08-03;LEXINGTON HOME GOT;GOTEBORG;SEK;0.0;295.0
2026-08-02;2026-08-03;NK KOK & DESIGN GBG;GA.TEBORG;SEK;0.0;750.0
2026-08-02;2026-08-03;VACKER NK GÖTEB;GOTEBORG;SEK;0.0;39.5
2026-08-01;2026-08-02;BILIA;SOLNA;SEK;0.0;189.0
2026-07-31;2026-08-01;NATURALCYCLES;STOCKHOLM;SEK;0.0;1189.0
2026-07-31;2026-08-01;SARO BLOMSTERMALA REST;SARO;SEK;0.0;1148.7
2026-07-30;2026-07-31;ICA FOCUS;GOTEBORG;SEK;0.0;1021.12
2026-07-30;2026-07-31;PARKERING GÖTEB;GÖTEBORG;SEK;0.0;20.0
2026-07-30;2026-07-31;PARKERING GÖTEB;GÖTEBORG;SEK;0.0;32.0
2026-07-30;2026-07-31;SYSTEMBOLAGET;GOETEBORG;SEK;0.0;1256.4
2026-07-30;2026-07-31;TV4 AKTIEBOLAG;STOCKHOLM;SEK;0.0;399.0
2026-07-30;2026-07-31;WILLYS GOTEBORG HVIT;GOTEBORG;SEK;0.0;197.66
2026-07-29;2026-07-30;7-ELEVEN VAESTRA HAMNG;GOETEBORG;SEK;0.0;29.0
2026-07-29;2026-07-30;SYSTEMBOLAGET;GOETEBORG;SEK;0.0;642.9
2026-07-28;2026-07-29;BEETS SALADS BAR;GOTEBORG;SEK;0.0;339.0
2026-07-28;2026-07-29;FOODORA AB;STOCKHOLM;SEK;0.0;753.0
2026-07-28;2026-07-29;HELP.HBOMAX.COM;STOCKHOLM;SEK;0.0;74.5
2026-07-28;2026-07-29;WILLYS GOTEBORG HVIT;GOTEBORG;SEK;0.0;152.24
2026-07-27;2026-07-27;7-ELEVEN VAESTRA HAMNG;GOETEBORG;SEK;0.0;29.0
2026-07-27;2026-07-28;AKADEMIBOKHANDE;GÖTEBORG;SEK;0.0;357.0
2026-07-27;2026-07-27;APOTEKHJARTAT.SE;SOLNA;SEK;0.0;328.0
2026-07-27;2026-07-27;DISCOVERCARS;RIGA;EUR;557.82;6337.72
2026-07-26;2026-07-26;APPLE.COM/BILL;CORK;SEK;0.0;249.0
2026-07-26;2026-07-27;GOTEBORG CITY MAT &;GOTEBORG;SEK;0.0;128.0
2026-07-26;2026-07-27;NK MAN GBG;GA.TEBORG;SEK;0.0;2350.0
2026-07-25;2026-07-26;WILLYS GOTEBORG HVIT;GOTEBORG;SEK;0.0;392.24
2026-07-24;2026-07-26;JINX DYNASTY;GOTEBORG;SEK;0.0;320.0
2026-07-24;2026-07-25;LINDEX GOTEBORG;GOTEBORG;SEK;0.0;862.0
2026-07-24;2026-07-25;WILLYS GOTEBORG HVIT;GOTEBORG;SEK;0.0;79.2
2026-07-24;2026-07-25;WILLYS GOTEBORG HVIT;GOTEBORG;SEK;0.0;192.82
2026-07-23;2026-07-24;AKADEMIBOKHANDE;GÖTEBORG;SEK;0.0;530.8
2026-07-23;2026-07-24;SYSTEMBOLAGET;GOETEBORG;SEK;0.0;611.6
2026-07-23;2026-07-24;WILLYS GOTEBORG HVIT;GOTEBORG;SEK;0.0;140.04
2026-07-22;2026-07-23;FOODORA AB;STOCKHOLM;SEK;0.0;529.0
2026-07-22;2026-07-23;S O LARSSON;GOTEBORG;SEK;0.0;64.0
2026-07-22;2026-07-23;TILAKO STUDIO;GOETEBORG;SEK;0.0;950.0
2026-07-22;2026-07-23;WILLYS GOTEBORG HVIT;GOTEBORG;SEK;0.0;422.73
2026-07-22;2026-07-23;WILLYS GOTEBORG HVIT;GOTEBORG;SEK;0.0;502.64
2026-07-21;2026-07-22;AKBAR YEGANEH MIRZA AL;MOLNDAL;SEK;0.0;120.0
2026-07-21;2026-07-22;PARKERING GÖTEB;GÖTEBORG;SEK;0.0;24.0
2026-07-21;2026-07-22;POLISEN 1400 GO;GOTEBORG;SEK;0.0;1000.0
2026-07-21;2026-07-22;WILLYS GOTEBORG HVIT;GOTEBORG;SEK;0.0;234.16
2026-07-20;2026-07-21;7-ELEVEN VAESTRA HAMNG;GOETEBORG;SEK;0.0;29.0
2026-07-20;2026-07-21;COOP GASTORP;LINDOME;SEK;0.0;53.9
2026-07-20;2026-07-21;WILLYS KALLERED EKEN;KALLERED;SEK;0.0;130.5
2026-07-19;2026-07-20;AVARDA*JOLLYROOM;G TEBORG;SEK;0.0;2703.0
2026-07-19;2026-07-20;BOKADIREKT I STOCKHOLM;STOCKHOLM;SEK;0.0;1800.0
2026-07-18;2026-07-19;GOTEBORG CITY MAT &;GOTEBORG;SEK;0.0;44.0
2026-07-18;2026-07-19;KICKS 814 KUNGSG, GO;GOTEBORG;SEK;0.0;424.15
2026-07-18;2026-07-18;SPOTIFY P44B4D45C4;STOCKHOLM;SEK;0.0;129.0
2026-07-18;2026-07-19;VACKER NK GÖTEB;GOTEBORG;SEK;0.0;479.0
2026-07-18;2026-07-19;WILLYS GOTEBORG HVIT;GOTEBORG;SEK;0.0;163.45
2026-07-18;2026-07-19;WILLYS GOTEBORG HVIT;GOTEBORG;SEK;0.0;233.82
2026-07-18;2026-07-19;WILLYS GOTEBORG HVIT;GOTEBORG;SEK;0.0;419.11
2026-07-17;2026-07-18;HUMLEGARDEN;STYRSO;SEK;0.0;757.0
2026-07-17;2026-07-18;PARKERING GÖTEB;GÖTEBORG;SEK;0.0;75.0
2026-07-17;2026-07-18;STYRSO BIERGARTEN AB;STYRSO;SEK;0.0;38.0
2026-07-17;2026-07-18;VASTTRAFIK TO GO;SKOVDE;SEK;0.0;76.0
2026-07-17;2026-07-18;ZETTLE_*CAFEBATARNA AB;STYRSO;SEK;0.0;20.0
2026-07-16;2026-07-16;NETFLIX.COM;LOS GATOS;SEK;0.0;219.0
2026-07-16;2026-07-17;PARKERING GÖTEB;GÖTEBORG;SEK;0.0;17.0
2026-07-15;2026-07-16;MAXI ICA STORMARKNAD G;GOTEBORG;SEK;0.0;20.0
2026-07-15;2026-07-16;MAXI ICA STORMARKNAD G;GOTEBORG;SEK;0.0;45.0
2026-07-15;2026-07-16;MAXI ICA STORMARKNAD G;GOTEBORG;SEK;0.0;46.36
2026-07-15;2026-07-16;MAXI ICA STORMARKNAD G;GOTEBORG;SEK;0.0;1479.0
2026-07-15;2026-07-16;PARKERING GÖTEB;GÖTEBORG;SEK;0.0;21.0
2026-07-15;2026-07-15;PODME 4EE-B35693A406B1;STOCKHOLM;SEK;0.0;99.0
2026-07-14;2026-07-15;7-ELEVEN GBG KUNGSGATA;GOETEBORG;SEK;0.0;40.0
2026-07-14;2026-07-15;APOTEKET KUNGSGATAN;GOETEBORG;SEK;0.0;39.0
2026-07-14;2026-07-16;CAFE IMPERIET;GOTEBORG;SEK;0.0;372.75
2026-07-14;2026-07-15;LITEN KARIN HB;GOTEBORG;SEK;0.0;295.0
2026-07-14;2026-07-16;SODRA LIDEN;GOTEBORG;SEK;0.0;673.05
2026-07-13;2026-07-14;BONNIER NEWS;STOCKHOLM;SEK;0.0;39.0
2026-07-13;2026-07-14;LIDL329GBGKUNGSGATAN;STOCKHOLM;SEK;0.0;102.51
2026-07-12;2026-07-12;APPLE.COM/BILL;CORK;SEK;0.0;89.0
2026-07-12;2026-07-13;WILLYS GOTEBORG HVIT;GOTEBORG;SEK;0.0;23.9
2026-07-12;2026-07-13;WILLYS GOTEBORG HVIT;GOTEBORG;SEK;0.0;154.8
2026-07-11;2026-07-12;CLAS OHLSON;HALMSTAD;SEK;0.0;1698.0
2026-07-11;2026-07-12;GELATERIAN GOTEBORG;GOTEBORG;SEK;0.0;158.0
2026-07-11;2026-07-12;HEMMAKVÄLL HALM;HALMSTAD;SEK;0.0;34.9
2026-07-11;2026-07-15;OKQ8;TVÅÅKER;SEK;0.0;438.82
2026-07-10;2026-07-11;APOTEK HJARTAT ICA MAX;MELLBYSTRAND;SEK;0.0;62.0
2026-07-10;2026-07-11;APOTEK HJARTAT ICA MAX;MELLBYSTRAND;SEK;0.0;226.8
2026-07-10;2026-07-11;MAXI ICA STORMARKNAD M;MELLBYSTRAND;SEK;0.0;43.9
2026-07-10;2026-07-11;MAXI ICA STORMARKNAD M;MELLBYSTRAND;SEK;0.0;342.4
2026-07-09;2026-07-10;LYA NAILS & SPA;GOTEBORG;SEK;0.0;450.0
2026-07-09;2026-07-10;ORVELIN E-HANDEL AB;STROMSTAD;SEK;0.0;298.0
2026-07-09;2026-07-09;SYSTEMBOLAGET;GOETEBORG;SEK;0.0;452.0
2026-07-08;2026-07-09;7-ELEVEN GBG KUNGSGATA;GOETEBORG;SEK;0.0;53.0
2026-07-08;2026-07-09;AHLSTROMS KONDITORI;GOTEBORG;SEK;0.0;254.0
2026-07-08;2026-07-09;KJELLCO KUNGSG GBG;GOTEBORG;SEK;0.0;149.9
2026-07-08;2026-07-09;LINDEX GOTEBORG;GOTEBORG;SEK;0.0;404.0
2026-07-08;2026-07-09;WILLYS GOTEBORG HVIT;GOTEBORG;SEK;0.0;302.62
2026-07-07;2026-07-08;SE0234;GOETEBORG;SEK;0.0;149.0
2026-07-07;2026-07-09;W*MMSPORTS.SE;ASKIM;SEK;0.0;1476.0
2026-07-06;2026-07-07;WILLYS GOTEBORG HVIT;GOTEBORG;SEK;0.0;230.01
2026-07-06;2026-07-07;WILLYS GOTEBORG HVIT;GOTEBORG;SEK;0.0;428.78
2026-07-05;2026-07-06;GELATERIAN GOTEBORG;GOTEBORG;SEK;0.0;158.0
2026-07-05;2026-07-06;SAS  1172548653232;STOCKHOLM;SEK;0.0;655.0
2026-07-05;2026-07-06;SAS  1172548653233;STOCKHOLM;SEK;0.0;655.0
2026-07-05;2026-07-06;WILLYS GOTEBORG HVIT;GOTEBORG;SEK;0.0;153.95
2026-07-05;2026-07-06;WILLYS GOTEBORG HVIT;GOTEBORG;SEK;0.0;227.44
2026-07-04;2026-07-05;MAXI ICA STORMARKNAD M;MELLBYSTRAND;SEK;0.0;71.77
2026-07-03;2026-07-04;SNUSBOLAGET.SE;HANINGE;SEK;0.0;1124.7
2026-07-02;2026-07-03;APOTEK HJARTAT ICA MAX;MELLBYSTRAND;SEK;0.0;59.0
2026-07-02;2026-07-03;MAXI ICA STORMARKNAD M;MELLBYSTRAND;SEK;0.0;497.65
2026-07-01;2026-07-02;BILIA;SOLNA;SEK;0.0;189.0
2026-07-01;2026-07-02;KASSA NK;GOETEBORG;SEK;0.0;81.0
2026-07-01;2026-07-02;NK DESIGNERS GALLERY G;GA.TEBORG;SEK;0.0;1079.0
2026-07-01;2026-07-02;NK KIDS & TEENS GBG;GA.TEBORG;SEK;0.0;280.0
2026-06-30;2026-07-01;TV4 AKTIEBOLAG;STOCKHOLM;SEK;0.0;399.0
2026-06-30;2026-07-01;WILLYS GOTEBORG HVIT;GOTEBORG;SEK;0.0;35.19
2026-06-29;2026-06-30;BOKADIREKT - BOKNING;STOCKHOLM;SEK;0.0;389.0
2026-06-29;2026-06-29;BOOKBEAT D9D4359F5B9E;STOCKHOLM;SEK;0.0;99.0
2026-06-29;2026-06-30;ELGIGANTEN SISJOEN;GOETEBORG;SEK;0.0;69.0
2026-06-29;2026-06-30;WILLYS GOTEBORG HVIT;GOTEBORG;SEK;0.0;408.92
2026-06-28;2026-06-29;HELP.HBOMAX.COM;STOCKHOLM;SEK;0.0;74.5
2026-06-28;2026-06-29;WILLYS GOTEBORG HVIT;GOTEBORG;SEK;0.0;304.33
2026-06-28;2026-06-29;WILLYS GOTEBORG HVIT;GOTEBORG;SEK;0.0;345.98
2026-06-27;2026-06-28;BABYSAM SISJÖN;ASKIM;SEK;0.0;1811.95
2026-06-27;2026-06-27;EASYPARK;EASYPARK.SE;SEK;0.0;32.02
2026-06-27;2026-06-28;MCDGBGFROLUNDAMCDRIVE;VASTRAFROLUND;SEK;0.0;178.0
2026-06-27;2026-06-28;WILLYS GOTEBORG HVIT;GOTEBORG;SEK;0.0;103.22
2026-06-26;2026-06-26;EASYPARK;EASYPARK.SE;SEK;0.0;21.82
2026-06-26;2026-06-27;WILLYS GOTEBORG HVIT;GOTEBORG;SEK;0.0;233.25
2026-06-26;2026-06-27;WILLYS GOTEBORG HVIT;GOTEBORG;SEK;0.0;258.66
2026-06-25;2026-06-26;7-ELEVEN VAESTRA HAMNG;GOETEBORG;SEK;0.0;27.0
2026-06-25;2026-06-26;SE0234;GOETEBORG;SEK;0.0;331.0
2026-06-25;2026-06-25;SYSTEMBOLAGET;GOETEBORG;SEK;0.0;740.1
2026-06-24;2026-06-25;ESPRESSO HOUSE 236;GOETEBORG;SEK;0.0;56.0
2026-06-24;2026-06-25;S O LARSSON;GOTEBORG;SEK;0.0;99.0
2026-06-23;2026-06-24;FOODORA AB;STOCKHOLM;SEK;0.0;184.0
2026-06-23;2026-06-24;FOODORA AB;STOCKHOLM;SEK;0.0;286.0
2026-06-23;2026-06-24;KOPPS;GOTEBORG;SEK;0.0;75.0
2026-06-23;2026-06-24;WILLYS GOTEBORG HVIT;GOTEBORG;SEK;0.0;445.84
2026-06-23;2026-06-24;WILLYS GOTEBORG HVIT;GOTEBORG;SEK;0.0;457.42
2026-06-22;2026-06-23;7-ELEVEN GBG KUNGSGATA;GOETEBORG;SEK;0.0;109.25
2026-06-22;2026-06-23;S O LARSSON;GOTEBORG;SEK;0.0;99.0
2026-06-21;2026-06-22;FESKEKORKA;GOTEBORG;SEK;0.0;214.0
2026-06-20;2026-06-21;7-ELEVEN GBG KUNGSGATA;GOETEBORG;SEK;0.0;186.0
2026-06-20;2026-06-20;EASYPARK;EASYPARK.SE;SEK;0.0;52.25
2026-06-20;2026-06-21;WILLYS GOTEBORG HVIT;GOTEBORG;SEK;0.0;328.18
2026-06-19;2026-06-19;NORTIC.SE;KARLSKRONA;SEK;0.0;160.0
2026-06-19;2026-06-20;WILLYS GOTEBORG HVIT;GOTEBORG;SEK;0.0;357.87
2026-06-18;2026-06-19;AL BANCO PASTA;GOTEBORG;SEK;0.0;408.0
2026-06-18;2026-06-18;APOTEKET KUNGSGATAN;GOETEBORG;SEK;0.0;129.0
2026-06-18;2026-06-19;LIDL329GBGKUNGSGATAN;GOTERBORG;SEK;0.0;19.9
2026-06-18;2026-06-18;SPOTIFY P43A5B100D;STOCKHOLM;SEK;0.0;129.0
2026-06-18;2026-06-19;WILLYS GOTEBORG HVIT;GOTEBORG;SEK;0.0;85.94
2026-06-18;2026-06-19;WILLYS GOTEBORG HVIT;GOTEBORG;SEK;0.0;148.27
2026-06-17;2026-06-18;APOTEK HJARTAT KUNGSGA;GOTEBORG;SEK;0.0;109.0
2026-06-17;2026-06-18;APOTEKET KUNGSGATAN;GOETEBORG;SEK;0.0;236.25
2026-06-17;2026-06-18;FOODORA AB;STOCKHOLM;SEK;0.0;423.0
2026-06-17;2026-06-19;JINX DYNASTY;GOTEBORG;SEK;0.0;135.0
2026-06-16;2026-06-17;BEETS SALADS BAR;GOTEBORG;SEK;0.0;184.0
2026-06-16;2026-06-17;GELATERIAN GOTEBORG;GOTEBORG;SEK;0.0;166.0
2026-06-16;2026-06-17;WILLYS GOTEBORG HVIT;GOTEBORG;SEK;0.0;416.4
2026-06-16;2026-06-17;WILLYS GOTEBORG HVIT;GOTEBORG;SEK;0.0;646.45
2026-06-15;2026-06-16;NETFLIX.COM;AMSTERDAM;SEK;0.0;219.0
2026-06-13;2026-06-14;APOTEK HJARTAT ICA MAX;MELLBYSTRAND;SEK;0.0;512.0
2026-06-13;2026-06-14;BONNIER NEWS;STOCKHOLM;SEK;0.0;39.0
2026-06-13;2026-06-14;MAXI ICA STORMARKNAD M;MELLBYSTRAND;SEK;0.0;138.9
2026-06-13;2026-06-14;ROGER NILSSON STAVERSH;VAXTORP;SEK;0.0;70.0
2026-06-12;2026-06-12;APOTEKET KUNGSGATAN;GOETEBORG;SEK;0.0;36.0
2026-06-12;2026-06-12;APPLE.COM/BILL;CORK;SEK;0.0;89.0
2026-06-12;2026-06-13;MART MATTSSON OCH CO;GOTEBORG;SEK;0.0;400.0
2026-06-12;2026-06-13;WILLYS GOTEBORG HVIT;GOTEBORG;SEK;0.0;214.21
2026-06-11;2026-06-12;BEETS SALADS BAR;GOTEBORG;SEK;0.0;519.0
2026-06-10;2026-06-11;APOTEK HJARTAT AVENYN;GOTEBORG;SEK;0.0;49.9
2026-06-10;2026-06-11;APOTEK HJARTAT KUNGSGA;GOTEBORG;SEK;0.0;273.03
2026-06-10;2026-06-11;WILLYS GOTEBORG HVIT;GOTEBORG;SEK;0.0;220.48
2026-06-09;2026-06-10;CLARION HOTEL DRAKEN;GOETEBORG;SEK;0.0;1023.75
2026-06-09;2026-06-10;WILLYS GOTEBORG HVIT;GOTEBORG;SEK;0.0;194.52
2026-06-08;2026-06-09;7-ELEVEN GBG KUNGSGATA;GOETEBORG;SEK;0.0;33.0
2026-06-08;2026-06-09;AIMN SPORTSWEAR;GOETEBORG;SEK;0.0;1671.25
2026-06-08;2026-06-09;APOTEK HJARTAT KUNGSGA;GOTEBORG;SEK;0.0;79.0
2026-06-08;2026-06-09;BABYSAM.SE;KUNGENS KURVA;SEK;0.0;2432.15
2026-06-08;2026-06-09;HEMTEX KUNGSGAT;GOTEBORG;SEK;0.0;299.7
2026-06-07;2026-06-07;AMAZON PRIME;LUXEMBOURG;SEK;0.0;-69.0
2026-06-07;2026-06-08;AVARDA*JOLLYROOM;G TEBORG;SEK;0.0;598.0
2026-06-07;2026-06-08;AVARDA*MED24;L KKEN;SEK;0.0;348.0
2026-06-07;2026-06-08;WILLYS GOTEBORG HVIT;GOTEBORG;SEK;0.0;215.32
2026-06-07;2026-06-08;WILLYS GOTEBORG HVIT;GOTEBORG;SEK;0.0;648.67
2026-06-06;2026-06-07;AMAZON PRIME;LUXEMBOURG;SEK;0.0;69.0
2026-06-06;2026-06-07;FOODORA AB;STOCKHOLM;SEK;0.0;422.0
2026-06-06;2026-06-07;PINCH PANTRY AB;GOTEBORG;SEK;0.0;175.0
2026-06-06;2026-06-07;SNUSBOLAGET.SE;HANINGE;SEK;0.0;1079.7
2026-06-05;2026-06-06;APOHEM.SE;STOCKHOLM;SEK;0.0;299.0
2026-06-05;2026-06-06;BABYSAM SISJÖN;ASKIM;SEK;0.0;860.4
2026-06-05;2026-06-06;MCDMOLNDAL;MOLNDAL;SEK;0.0;90.0
2026-06-05;2026-06-05;År-/mån aug 2026 tom jul 2027;;SEK;0.0;295.0
2026-06-05;2026-06-05;År-/mån aug 2026 tom jul 2027;;SEK;0.0;2335.0
2026-06-04;2026-06-05;APOTEKET KUNGSGATAN;GOETEBORG;SEK;0.0;470.0
2026-06-04;2026-06-05;BILIA;SOLNA;SEK;0.0;189.0
2026-06-04;2026-06-04;EASYPARK;EASYPARK.SE;SEK;0.0;11.05
2026-06-04;2026-06-05;VIAPLAY;STOCKHOLM;SEK;0.0;399.0
2026-06-04;2026-06-05;WILLYS GOTEBORG HVIT;GOTEBORG;SEK;0.0;269.76
2026-06-03;2026-06-04;BEETS SALADS BAR;GOTEBORG;SEK;0.0;184.0
2026-06-02;2026-06-03;APOTEK HJARTAT KUNGSGA;GOTEBORG;SEK;0.0;466.4
2026-06-02;2026-06-03;LINDEX GOTEBORG;GOTEBORG;SEK;0.0;1369.0
2026-06-02;2026-06-03;NK KOK & DESIGN GBG;GA.TEBORG;SEK;0.0;205.0
2026-06-02;2026-06-03;ZETTLE_*PRALINBODEN;GOTEBORG;SEK;0.0;248.0
2026-06-01;2026-06-02;COOLSHOP.SE;VARBERG;SEK;0.0;2764.0
2026-06-01;2026-06-02;WILLYS GOTEBORG HVIT;GOTEBORG;SEK;0.0;186.63
2026-05-31;2026-06-01;WILLYS GOTEBORG HVIT;GOTEBORG;SEK;0.0;324.24
2026-05-30;2026-05-30;BOOKBEAT CBB69C21151D;STOCKHOLM;SEK;0.0;99.0
2026-05-30;2026-05-31;ESPRESSO HOUSE 195;GOETEBORG;SEK;0.0;98.0
2026-05-30;2026-05-31;FOODORA AB;STOCKHOLM;SEK;0.0;459.0
2026-05-30;2026-05-31;TV4 AKTIEBOLAG;STOCKHOLM;SEK;0.0;399.0
2026-05-30;2026-05-31;WILLYS GOTEBORG HVIT;GOTEBORG;SEK;0.0;294.6
2026-05-30;2026-05-31;WILLYS GOTEBORG HVIT;GOTEBORG;SEK;0.0;452.81
2026-05-28;2026-05-29;APOTEKET KUNGSGATAN;GOETEBORG;SEK;0.0;371.0
2026-05-28;2026-05-28;EASYPARK;EASYPARK.SE;SEK;0.0;340.0
2026-05-28;2026-05-29;FRIENDS DONATION;JOHANNESHOV;SEK;0.0;5.0
2026-05-28;2026-05-29;HELP.HBOMAX.COM;STOCKHOLM;SEK;0.0;74.5
2026-05-28;2026-05-30;W*MMSPORTS.SE;ASKIM;SEK;0.0;1149.0
2026-05-28;2026-05-29;WILLYS GOTEBORG HVIT;GOTEBORG;SEK;0.0;62.0
2026-05-27;2026-05-28;LOOMISP*SEVEN VENDING;GOTEBORG;SEK;0.0;25.0
2026-05-27;2026-05-27;LOOMISP*SEVEN VENDING;GOTEBORG;SEK;0.0;30.0
2026-05-26;2026-05-26;LOOMISP*SEVEN VENDING;GOTEBORG;SEK;0.0;21.0
2026-05-26;2026-05-26;LOOMISP*SEVEN VENDING;GOTEBORG;SEK;0.0;30.0
2026-05-26;2026-05-26;LOOMISP*SEVEN VENDING;GOTEBORG;SEK;0.0;32.0
2026-05-26;2026-05-26;LOOMISP*SEVEN VENDING;GOTEBORG;SEK;0.0;84.0
2026-05-25;2026-05-25;LOOMISP*SEVEN VENDING;GOTEBORG;SEK;0.0;25.0
2026-05-25;2026-05-25;LOOMISP*SEVEN VENDING;GOTEBORG;SEK;0.0;30.0
2026-05-25;2026-05-26;LOOMISP*SEVEN VENDING;GOTEBORG;SEK;0.0;32.0
2026-05-24;2026-05-24;EASYPARK;EASYPARK.SE;SEK;0.0;5.1
2026-05-24;2026-05-25;FOODORA AB;STOCKHOLM;SEK;0.0;370.0
2026-05-22;2026-05-23;WILLYS GOTEBORG HVIT;GOTEBORG;SEK;0.0;163.12
2026-05-22;2026-05-23;WILLYS GOTEBORG HVIT;GOTEBORG;SEK;0.0;235.83
2026-05-21;2026-05-22;FOODORA AB;STOCKHOLM;SEK;0.0;491.0
2026-05-20;2026-05-20;EASYPARK;EASYPARK.SE;SEK;0.0;13.32
2026-05-20;2026-05-21;MARBODAL;GOTEBORG;SEK;0.0;403.0
2026-05-20;2026-05-21;RITUALS COSMETICS SWED;GOETEBORG;SEK;0.0;338.0
2026-05-20;2026-05-21;WILLYS GOTEBORG HVIT;GOTEBORG;SEK;0.0;91.82
2026-05-20;2026-05-21;WILLYS GOTEBORG HVIT;GOTEBORG;SEK;0.0;281.27
2026-05-19;2026-05-19;ESPRESSO HOUSE 420;GOETEBORG;SEK;0.0;55.0
2026-05-18;2026-05-19;7-ELEVEN VAESTRA HAMNG;GOETEBORG;SEK;0.0;27.0
2026-05-18;2026-05-19;ROOTS CAFE;GOTEBORG;SEK;0.0;141.0
2026-05-18;2026-05-19;SPOTIFY P4294DFFB3;STOCKHOLM;SEK;0.0;129.0
2026-05-18;2026-05-19;WILLYS GOTEBORG HVIT;GOTEBORG;SEK;0.0;274.88
2026-05-18;2026-05-19;WILLYS GOTEBORG HVIT;GOTEBORG;SEK;0.0;280.12
2026-05-17;2026-05-18;7-ELEVEN GBG KUNGSGATA;GOETEBORG;SEK;0.0;59.8
2026-05-16;2026-05-17;AHLENS GOETEBORG KUNGS;GOETEBORG;SEK;0.0;68.0
2026-05-16;2026-05-17;AKADEMIBOKHANDE;GÖTEBORG;SEK;0.0;312.0
2026-05-16;2026-05-17;DA MATTEO - MAGASINSGA;GOETEBORG;SEK;0.0;87.0
2026-05-16;2026-05-17;WILLYS GOTEBORG HVIT;GOTEBORG;SEK;0.0;47.42
2026-05-16;2026-05-17;WILLYS GOTEBORG HVIT;GOTEBORG;SEK;0.0;189.82
2026-05-16;2026-05-17;WILLYS GOTEBORG HVIT;GOTEBORG;SEK;0.0;267.77
2026-05-15;2026-05-16;CHICCA BELLONI;GOTEBORG;SEK;0.0;115.5
2026-05-15;2026-05-16;GELATERIAN GOTEBORG;GOTEBORG;SEK;0.0;166.0
2026-05-15;2026-05-16;ZETTLE_*SELECTED BRAND;GOTEBORG;SEK;0.0;200.0
2026-05-14;2026-05-15;WILLYS GOTEBORG HVIT;GOTEBORG;SEK;0.0;75.14
2026-05-13;2026-05-14;7-ELEVEN VAESTRA HAMNG;GOETEBORG;SEK;0.0;34.0
2026-05-13;2026-05-14;BONNIER NEWS;STOCKHOLM;SEK;0.0;29.0
2026-05-13;2026-05-14;FOODORA AB;STOCKHOLM;SEK;0.0;489.0
2026-05-12;2026-05-13;STYLE BARBERSHOP;GOTEBORG;SEK;0.0;389.0
2026-05-11;2026-05-12;APPLE.COM/BILL;CORK;SEK;0.0;89.0
2026-05-11;2026-05-12;WILLYS GOTEBORG HVIT;GOTEBORG;SEK;0.0;213.89
2026-05-11;2026-05-12;WILLYS GOTEBORG HVIT;GOTEBORG;SEK;0.0;290.71
2026-05-10;2026-05-11;FLUGGER AB;GOTEBORG;SEK;0.0;-419.3
2026-05-10;2026-05-11;PARKERING GÖTEB;GÖTEBORG;SEK;0.0;59.0
2026-05-09;2026-05-10;AL BANCO PASTA;GOTEBORG;SEK;0.0;110.0
2026-05-09;2026-05-11;FLORAMORAOCHKRUKATOSAB;GOTEBORG;SEK;0.0;404.0
2026-05-09;2026-05-10;ICA KVANTUM HOVAS;HOVAS;SEK;0.0;148.56
2026-05-09;2026-05-10;PEAKABREW COFFEE AB;HOVAS;SEK;0.0;367.0
2026-05-09;2026-05-10;WILLYS GOTEBORG HVIT;GOTEBORG;SEK;0.0;154.52
2026-05-09;2026-05-10;WILLYS GOTEBORG HVIT;GOTEBORG;SEK;0.0;237.41
2026-05-08;2026-05-09;WILLYS GOTEBORG HVIT;GOTEBORG;SEK;0.0;224.93
2026-05-08;2026-05-09;WILLYS GOTEBORG HVIT;GOTEBORG;SEK;0.0;335.74
2026-05-07;2026-05-08;WILLYS GOTEBORG HVIT;GOTEBORG;SEK;0.0;124.78
2026-05-07;2026-05-08;WILLYS GOTEBORG HVIT;GOTEBORG;SEK;0.0;197.47
2026-05-06;2026-05-07;AMAZON PRIME;LUXEMBOURG;SEK;0.0;69.0
2026-05-06;2026-05-07;BIOPALATSET GOT;GOTEBORG;SEK;0.0;193.0
2026-05-06;2026-05-07;MR SHOU KUNGSTORGET;GOTEBORG;SEK;0.0;214.0
2026-05-06;2026-05-07;WILLYS GOTEBORG HVIT;GOTEBORG;SEK;0.0;77.61
2026-05-05;2026-05-06;BLOMSTERLANDET;ASKIM;SEK;0.0;952.9
2026-05-04;2026-05-05;SNUSBOLAGET.SE;HANINGE;SEK;0.0;1109.7
2026-05-04;2026-05-05;WILLYS GOTEBORG HVIT;GOTEBORG;SEK;0.0;205.22
2026-05-04;2026-05-05;WILLYS GOTEBORG HVIT;GOTEBORG;SEK;0.0;407.98
2026-05-03;2026-05-03;EASYPARK;EASYPARK.SE;SEK;0.0;36.84
2026-05-03;2026-05-04;GOTEBORG CITY MAT &;GOTEBORG;SEK;0.0;278.0
2026-05-03;2026-05-04;NK BEAUTY GBG;GA.TEBORG;SEK;0.0;360.0
2026-05-03;2026-05-04;PARKERING GÖTEB;GÖTEBORG;SEK;0.0;8.0
2026-05-03;2026-05-04;WILLYS GOTEBORG HVIT;GOTEBORG;SEK;0.0;194.68
2026-05-02;2026-05-03;BEETS SALADS BAR;GOTEBORG;SEK;0.0;314.0
2026-05-02;2026-05-03;INDISKA HORNET;GOTEBORG;SEK;0.0;450.0
2026-05-01;2026-05-02;BILIA;SOLNA;SEK;0.0;189.0
2026-05-01;2026-05-02;CLAS OHLSON;GOTEBORG;SEK;0.0;182.7
2026-05-01;2026-05-02;FOODORA AB;STOCKHOLM;SEK;0.0;951.0
2026-05-01;2026-05-01;LOOMISP*DAHLS BAGERI-4;VASTRA FROLUN;SEK;0.0;99.0
2026-05-01;2026-05-02;MIO VASTRA FROL;VASTRA FROLUN;SEK;0.0;31.0
2026-05-01;2026-05-02;WILLYS GOTEBORG HVIT;GOTEBORG;SEK;0.0;401.16
2026-04-30;2026-04-30;7-ELEVEN GBG KUNGSGATA;GOETEBORG;SEK;0.0;49.0
2026-04-30;2026-04-30;BOOKBEAT 1EAD688429CE;STOCKHOLM;SEK;0.0;99.0
2026-04-30;2026-05-01;BUNCHERY BY BLOMRUM;GOETEBORG;SEK;0.0;318.0
2026-04-30;2026-05-01;TV4 AKTIEBOLAG;STOCKHOLM;SEK;0.0;399.0
2026-04-30;2026-05-01;WILLYS GOTEBORG HVIT;GOTEBORG;SEK;0.0;256.7
2026-04-30;2026-05-01;WILLYS GOTEBORG HVIT;GOTEBORG;SEK;0.0;330.06
2026-04-29;2026-04-30;7-ELEVEN GBG KUNGSGATA;GOETEBORG;SEK;0.0;62.0
2026-04-29;2026-04-30;BABYSAM.SE;KUNGENS KURVA;SEK;0.0;1695.0
2026-04-29;2026-04-30;PASTOR - STORA SALUHAL;GOTEBORG;SEK;0.0;145.0
2026-04-28;2026-04-29;HELP.HBOMAX.COM;STOCKHOLM;SEK;0.0;74.5
2026-04-27;2026-04-27;7-ELEVEN 4116150;GOETEBORG;SEK;0.0;94.0
2026-04-27;2026-04-28;HARMONI DUMPLINGS;GOTEBORG;SEK;0.0;110.0
2026-04-27;2026-04-28;WILLYS GOTEBORG HVIT;GOTEBORG;SEK;0.0;211.71
2026-04-27;2026-04-28;WILLYS GOTEBORG HVIT;GOTEBORG;SEK;0.0;352.5
2026-04-26;2026-04-27;PARKERING GÖTEB;GÖTEBORG;SEK;0.0;17.0
2026-04-26;2026-04-27;PARKERING GÖTEB;GÖTEBORG;SEK;0.0;21.0
2026-04-26;2026-04-27;PARKERING GÖTEB;GÖTEBORG;SEK;0.0;22.0
2026-04-25;2026-04-26;BISTRO BREVE AB;GOTEBORG;SEK;0.0;1551.0
2026-04-25;2026-04-26;E-VILLE.COM;HELSINKI;SEK;0.0;578.0
2026-04-25;2026-04-26;WILLYS GOTEBORG HVIT;GOTEBORG;SEK;0.0;76.91
2026-04-25;2026-04-26;WILLYS GOTEBORG HVIT;GOTEBORG;SEK;0.0;351.08
2026-04-24;2026-04-25;AHLENS GOETEBORG KUNGS;GOETEBORG;SEK;0.0;1898.6
2026-04-24;2026-04-25;INDISKA HORNET;GOTEBORG;SEK;0.0;300.0
2026-04-24;2026-04-25;STADIUM FREDSGA;GOTEBORG;SEK;0.0;399.0
2026-04-24;2026-04-25;ZETTLE_*MACKLUCKAN AB;GOTEBORG;SEK;0.0;134.0
2026-04-23;2026-04-24;ARKET SE0702;GOETEBORG;SEK;0.0;141.0
2026-04-23;2026-04-24;BILTEMA SWEDEN SISJON;VASTRA FROLUN;SEK;0.0;199.8
2026-04-23;2026-04-24;FLUGGER AB;GOTEBORG;SEK;0.0;1190.49
2026-04-23;2026-04-24;LINDEX GOTEBORG;GOTEBORG;SEK;0.0;832.0
2026-04-22;2026-04-22;7-ELEVEN 4116150;GOETEBORG;SEK;0.0;62.0
2026-04-22;2026-04-22;EASYPARK;EASYPARK.SE;SEK;0.0;33.15
2026-04-22;2026-04-23;WILLYS GOTEBORG HVIT;GOTEBORG;SEK;0.0;220.28
2026-04-22;2026-04-23;ZETTLE_*BABYSCREEN SWE;GOTEBORG;SEK;0.0;1881.0
2026-04-21;2026-04-21;ESPRESSO HOUSE 420;GOETEBORG;SEK;0.0;57.0
2026-04-21;2026-04-22;WILLYS GOTEBORG HVIT;GOTEBORG;SEK;0.0;210.61
2026-04-20;2026-04-21;APOTEK HJARTAT KUNGSGA;GOTEBORG;SEK;0.0;388.0
2026-04-20;2026-04-21;STUCKATUR I SVE;OREBRO;SEK;0.0;3674.0
2026-04-19;2026-04-20;JOTEX SWEDEN AB;BORAS;SEK;0.0;2434.0
2026-04-19;2026-04-20;PARKERING GÖTEB;GÖTEBORG;SEK;0.0;60.0
2026-04-19;2026-04-21;W*MMSPORTS.SE;ASKIM;SEK;0.0;1407.0
2026-04-19;2026-04-21;WILLYS GOTEBORG HVIT;GOTEBORG;SEK;0.0;141.06
2026-04-19;2026-04-21;WILLYS GOTEBORG HVIT;GOTEBORG;SEK;0.0;158.91
2026-04-18;2026-04-19;CAMELLIA I GOTE;LINDOME;SEK;0.0;95.0
2026-04-18;2026-04-19;IKEA KALLERED HFB ECO;KALLERED;SEK;0.0;2348.0
2026-04-18;2026-04-19;MAXI ICA STORMARKNAD G;GOTEBORG;SEK;0.0;577.04
2026-04-18;2026-04-18;SPOTIFY P418E6DAD8;STOCKHOLM;SEK;0.0;129.0
2026-04-17;2026-04-17;7-ELEVEN GBG KUNGSGATA;GOETEBORG;SEK;0.0;56.0
2026-04-17;2026-04-19;BARABICU;GOTEBORG;SEK;0.0;799.7
2026-04-17;2026-04-18;BEETS SALADS BAR;GOTEBORG;SEK;0.0;155.0
2026-04-17;2026-04-18;WILLYS GOTEBORG HVIT;GOTEBORG;SEK;0.0;64.52
2026-04-16;2026-04-16;7-ELEVEN GBG KUNGSGATA;GOETEBORG;SEK;0.0;102.0
2026-04-16;2026-04-17;JOE  THE JUICE NG AB;STOCKHOLM;SEK;0.0;188.0
2026-04-16;2026-04-16;NETFLIX.COM;LOS GATOS;SEK;0.0;199.0
2026-04-16;2026-04-17;SP MOMKIND APS;KBENHAVN NV;SEK;0.0;1585.0
2026-04-16;2026-04-17;WILLYS GOTEBORG HVIT;GOTEBORG;SEK;0.0;222.98
2026-04-15;2026-04-16;FOODORA AB;STOCKHOLM;SEK;0.0;465.0
2026-04-15;2026-04-16;WILLYS GOTEBORG HVIT;GOTEBORG;SEK;0.0;395.19
2026-04-15;2026-04-16;WILLYS GOTEBORG HVIT;GOTEBORG;SEK;0.0;436.85
2026-04-14;2026-04-15;APOTEK HJARTAT KUNGSGA;GOTEBORG;SEK;0.0;438.0
2026-04-13;2026-04-14;BONNIER NEWS;STOCKHOLM;SEK;0.0;29.0
2026-04-12;2026-04-12;ESPRESSO HOUSE 236;GOETEBORG;SEK;0.0;93.0
2026-04-12;2026-04-13;FLUGGER AB;GOTEBORG;SEK;0.0;209.0
2026-04-12;2026-04-13;IKEA KALLERED HFB ECO;KALLERED;SEK;0.0;1403.0
2026-04-12;2026-04-13;WIKIMEDIA;8776009454;SEK;0.0;33.0
2026-04-12;2026-04-13;WILLYS KALLERED EKEN;KALLERED;SEK;0.0;160.0
2026-04-11;2026-04-12;AVARDA*JOLLYROOM;G TEBORG;SEK;0.0;3688.0
2026-04-11;2026-04-14;KLARNA AB;STOCKHOLM;SEK;0.0;1990.0
2026-04-11;2026-04-12;PARKERING GÖTEB;GÖTEBORG;SEK;0.0;106.0
2026-04-11;2026-04-12;SP RUBIO MONOCOAT;ENSKEDE;SEK;0.0;150.3
2026-04-11;2026-04-12;STENBOLAGET SVE;JOHANNESHOV;SEK;0.0;784.26
2026-04-11;2026-04-12;WILLYS GOTEBORG HVIT;GOTEBORG;SEK;0.0;244.63
2026-04-11;2026-04-12;WILLYS GOTEBORG HVIT;GOTEBORG;SEK;0.0;495.88
2026-04-10;2026-04-11;APOTEK HJARTAT KUNGSGA;GOTEBORG;SEK;0.0;164.9
2026-04-10;2026-04-10;APPLE.COM/BILL;CORK;SEK;0.0;69.0
2026-04-10;2026-04-10;EASYPARK;EASYPARK.SE;SEK;0.0;30.32
2026-04-10;2026-04-11;NK INREDNING;GA.TEBORG;SEK;0.0;389.0
2026-04-10;2026-04-11;NK KOK & DESIGN GBG;GA.TEBORG;SEK;0.0;1599.0
2026-04-10;2026-04-11;STUCKATUR I SVE;OREBRO;SEK;0.0;84.0
2026-04-09;2026-04-10;7-ELEVEN 4215200;GOETEBORG;SEK;0.0;61.0
2026-04-09;2026-04-09;JOE  THE JUICE NG AB;STOCKHOLM;SEK;0.0;188.0
2026-04-08;2026-04-08;7-ELEVEN 4116150;GOETEBORG;SEK;0.0;54.0
2026-04-08;2026-04-09;AVARDA*JOLLYROOM;G TEBORG;SEK;0.0;656.0
2026-04-08;2026-04-09;PASTOR - STORA SALUHAL;GOTEBORG;SEK;0.0;145.0
2026-04-07;2026-04-07;7-ELEVEN 4116150;GOETEBORG;SEK;0.0;30.0
2026-04-07;2026-04-08;BEETS DROTTNINGGATAN;GOTEBORG;SEK;0.0;155.0
2026-04-07;2026-04-08;WILLYS GOTEBORG HVIT;GOTEBORG;SEK;0.0;165.67
2026-04-07;2026-04-08;WILLYS GOTEBORG HVIT;GOTEBORG;SEK;0.0;217.55
2026-04-06;2026-04-07;AMAZON PRIME;LUXEMBOURG;SEK;0.0;69.0
2026-04-06;2026-04-07;BLOMRUM;GOETEBORG;SEK;0.0;329.0
2026-04-06;2026-04-06;SNUSBOLAGET.SE;HANINGE;SEK;0.0;1109.7
2026-04-06;2026-04-07;WILLYS GOTEBORG HVIT;GOTEBORG;SEK;0.0;32.6
2026-04-05;2026-04-06;MAXI ICA STORMARKNAD M;MELLBYSTRAND;SEK;0.0;228.59
2026-04-05;2026-04-06;WILLYS GOTEBORG HVIT;GOTEBORG;SEK;0.0;390.05
2026-04-04;2026-04-05;NORRVIKEN;BASTAD;SEK;0.0;580.0
2026-04-04;2026-04-05;PARKSTER SWE;LUND;SEK;0.0;8.0
2026-04-04;2026-04-05;PARKSTER SWE;LUND;SEK;0.0;26.0
2026-04-04;2026-04-04;SYSTEMBOLAGET;HALMSTAD;SEK;0.0;309.0
2026-04-04;2026-04-05;TOPEJA BJÄRE AB;BAASTAD;SEK;0.0;2749.95
2026-04-04;2026-04-05;YOGIBOOST HALLARNA;HALMSTAD;SEK;0.0;39.0
2026-04-03;2026-04-04;AHLENS GOETEBORG KUNGS;GOETEBORG;SEK;0.0;236.25
2026-04-03;2026-04-04;GRANIT 40412;VALLGATAN;SEK;0.0;982.0
2026-04-03;2026-04-05;VITA DUVAN;GOTEBORG;SEK;0.0;660.0
2026-04-02;2026-04-02;ESPRESSO HOUSE 363;GOETEBORG;SEK;0.0;110.0
2026-04-02;2026-04-03;GOTEBORG CITY MAT &;GOTEBORG;SEK;0.0;176.0
2026-04-02;2026-04-03;NK BEAUTY GBG;GA.TEBORG;SEK;0.0;315.0
2026-04-01;2026-04-02;BILIA;SOLNA;SEK;0.0;189.0
2026-04-01;2026-04-01;EASYPARK;EASYPARK.SE;SEK;0.0;26.63
2026-03-31;2026-04-01;LOOMISP*SEVEN VENDING;GOTEBORG;SEK;0.0;35.0
2026-03-31;2026-04-01;TV4 AKTIEBOLAG;STOCKHOLM;SEK;0.0;249.5
2026-03-30;2026-03-31;LOOMISP*STEINBRENNER N;GOTEBORG;SEK;0.0;44.0
2026-03-29;2026-03-30;EGG AND MILK;GOTEBORG;SEK;0.0;338.0
2026-03-29;2026-03-30;MJUK BILTVATT;GOTEBORG;SEK;0.0;319.0
2026-03-29;2026-03-30;VASTTRAFIK TO GO;SKOVDE;SEK;0.0;176.0
2026-03-29;2026-03-30;WILLYS GOTEBORG HVIT;GOTEBORG;SEK;0.0;91.77
2026-03-28;2026-03-28;APPLE.COM/BILL;CORK;SEK;0.0;89.0
2026-03-28;2026-03-29;ESPRESSO HOUSE 195;GOETEBORG;SEK;0.0;168.0
2026-03-28;2026-03-29;HELP.HBOMAX.COM;STOCKHOLM;SEK;0.0;74.5
2026-03-28;2026-03-29;HEMKOP GOTEBORG NORD;GOTEBORG;SEK;0.0;45.85
2026-03-28;2026-03-29;MR SHOU KUNGSTORGET;GOTEBORG;SEK;0.0;527.0
2026-03-28;2026-03-29;SUSHI YAMA GOTEBORG FE;GOTEBORG;SEK;0.0;50.0
2026-03-28;2026-03-29;SYSTEMBOLAGET;GOETEBORG;SEK;0.0;445.5
2026-03-28;2026-03-29;VASTTRAFIK TO GO;SKOVDE;SEK;0.0;176.0
2026-03-28;2026-03-29;WILLYS GOTEBORG HVIT;GOTEBORG;SEK;0.0;282.4
2026-03-28;2026-03-29;WILLYS GOTEBORG HVIT;GOTEBORG;SEK;0.0;389.91
2026-03-28;2026-03-29;WILLYS GOTEBORG HVIT;GOTEBORG;SEK;0.0;454.8
2026-03-27;2026-03-28;BUNCHERY BY BLOMRUM;GOETEBORG;SEK;0.0;397.0
2026-03-27;2026-03-28;INDISKA HORNET;GOTEBORG;SEK;0.0;305.0
2026-03-27;2026-03-28;JOE  THE JUICE NG AB;STOCKHOLM;SEK;0.0;188.0
2026-03-27;2026-03-28;LINDEX GOTEBORG;GOTEBORG;SEK;0.0;528.37
2026-03-26;2026-03-27;7-ELEVEN KORSETTEN;GOETEBORG;SEK;0.0;66.0
2026-03-26;2026-03-27;ALDARDO;GOTEBORG;SEK;0.0;155.0
2026-03-26;2026-03-27;APOTEK HJARTAT KUNGSGA;GOTEBORG;SEK;0.0;147.9
2026-03-26;2026-03-27;VIAPLAY;STOCKHOLM;SEK;0.0;399.0
2026-03-26;2026-03-27;WILLYS GOTEBORG HVIT;GOTEBORG;SEK;0.0;222.3
2026-03-25;2026-03-26;7-ELEVEN 4215200;GOETEBORG;SEK;0.0;108.0
2026-03-25;2026-03-25;ESPRESSO HOUSE 363;GOETEBORG;SEK;0.0;93.0
2026-03-24;2026-03-25;PASTOR - STORA SALUHAL;GOTEBORG;SEK;0.0;145.0
2026-03-24;2026-03-25;WILLYS GOTEBORG HVIT;GOTEBORG;SEK;0.0;28.47
2026-03-23;2026-03-24;DOBRUK, EDYTA;GOTEBORG;SEK;0.0;950.0
2026-03-22;2026-03-24;KLARNA AB;STOCKHOLM;SEK;0.0;359.0
2026-03-22;2026-03-23;MAXI ICA STORMARKNAD H;VASTRA FROLUN;SEK;0.0;1113.29
2026-03-22;2026-03-23;WILLYS GOTEBORG HVIT;GOTEBORG;SEK;0.0;135.2
2026-03-21;2026-03-22;ESPRESSO HOUSE 434;KUNGSBACKA;SEK;0.0;107.0
2026-03-21;2026-03-22;IKEA KALLERED HFB ECO;KALLERED;SEK;0.0;1499.0
2026-03-21;2026-03-22;LE CREUSET FREE;KUNGSBACKA;SEK;0.0;2844.4
2026-03-20;2026-03-21;7-ELEVEN 4116150;GOETEBORG;SEK;0.0;22.0
2026-03-20;2026-03-21;AHLENS GOETEBORG KUNGS;GOETEBORG;SEK;0.0;398.6
2026-03-20;2026-03-21;BUNCHERY BY BLOMRUM;GOETEBORG;SEK;0.0;199.0
2026-03-20;2026-03-21;COLLAGE;GOTEBORG;SEK;0.0;594.0
2026-03-20;2026-03-20;EASYPARK;EASYPARK.SE;SEK;0.0;18.7
2026-03-20;2026-03-21;SYSTEMBOLAGET;GOETEBORG;SEK;0.0;737.8
2026-03-20;2026-03-21;WILLYS GOTEBORG HVIT;GOTEBORG;SEK;0.0;102.5
2026-03-20;2026-03-21;WILLYS GOTEBORG HVIT;GOTEBORG;SEK;0.0;579.43
2026-03-19;2026-03-20;ARKET SE0702;GOETEBORG;SEK;0.0;149.0
2026-03-19;2026-03-19;ESPRESSO HOUSE 363;GOETEBORG;SEK;0.0;58.0
2026-03-19;2026-03-20;FLORAMORAOCHKRUKATOSAB;GOTEBORG;SEK;0.0;99.0
2026-03-19;2026-03-20;FOODORA AB;STOCKHOLM;SEK;0.0;317.0
2026-03-19;2026-03-20;SE0234;GOETEBORG;SEK;0.0;229.0
2026-03-19;2026-03-20;SE0234;GOETEBORG;SEK;0.0;929.0
2026-03-19;2026-03-20;UNHCR;DEN HAAG;SEK;0.0;10.0
2026-03-19;2026-03-20;WILLYS GOTEBORG HVIT;GOTEBORG;SEK;0.0;609.06
2026-03-18;2026-03-19;APOTEKET OESTRA SJUKHU;GOETEBORG;SEK;0.0;208.0
2026-03-18;2026-03-19;BANH MI SHOP;GOTEBORG;SEK;0.0;130.0
2026-03-18;2026-03-18;ESPRESSO HOUSE 420;GOETEBORG;SEK;0.0;57.0
2026-03-18;2026-03-18;SPOTIFY P407EF5FA3;STOCKHOLM;SEK;0.0;129.0
2026-03-17;2026-03-18;7-ELEVEN KORSETTEN;GOETEBORG;SEK;0.0;77.0
2026-03-17;2026-03-18;BEETS DROTTNINGGATAN;GOTEBORG;SEK;0.0;184.0
2026-03-17;2026-03-18;NONNA;GOTEBORG;SEK;0.0;876.75
2026-03-17;2026-03-18;VASTTRAFIKBLIPP;SKOVDE;SEK;0.0;37.0
2026-03-17;2026-03-19;W*MMSPORTS.SE;ASKIM;SEK;0.0;1448.0
2026-03-16;2026-03-16;NETFLIX.COM;LOS GATOS;SEK;0.0;199.0
2026-03-16;2026-03-17;STYLE BARBERSHOP;GOTEBORG;SEK;0.0;389.0
2026-03-15;2026-03-16;ESPRESSO HOUSE 363;GOETEBORG;SEK;0.0;58.0
2026-03-15;2026-03-16;NK KOK & DESIGN GBG;GA.TEBORG;SEK;0.0;578.0
2026-03-15;2026-03-20;PROSHOP.SE;HOJBJERG;SEK;0.0;1347.0
2026-03-15;2026-03-16;WILLYS GOTEBORG HVIT;GOTEBORG;SEK;0.0;155.4
2026-03-15;2026-03-16;WILLYS GOTEBORG HVIT;GOTEBORG;SEK;0.0;166.3
2026-03-14;2026-03-15;BABY WORLD BACKAPLAN;GOTEBORG;SEK;0.0;1496.95
2026-03-14;2026-03-15;FLUGGER AB;GOTEBORG;SEK;0.0;209.0
2026-03-14;2026-03-15;WILLYS GOTEBORG HVIT;GOTEBORG;SEK;0.0;112.72
2026-03-14;2026-03-15;WILLYS GOTEBORG HVIT;GOTEBORG;SEK;0.0;345.7
2026-03-13;2026-03-14;BONNIER NEWS;STOCKHOLM;SEK;0.0;169.0
2026-03-13;2026-03-14;DELI AND COFFEE;MOLNLYCKE NOR;SEK;0.0;155.0
2026-03-13;2026-03-13;EASYPARK;EASYPARK.SE;SEK;0.0;16.72
2026-03-13;2026-03-14;NK BEAUTY GBG;GA.TEBORG;SEK;0.0;560.0
2026-03-13;2026-03-16;STEAM PURCHASE;SEATTLE;EUR;22.99;252.91
2026-03-13;2026-03-14;UBR* PENDING.UBER.COM;AMSTERDAM;SEK;0.0;91.0
2026-03-13;2026-03-14;UNDERGROUND GOLF GOTEB;GOETEBORG;SEK;0.0;38.0
2026-03-13;2026-03-14;UNDERGROUND GOLF GOTEB;GOETEBORG;SEK;0.0;89.0
2026-03-12;2026-03-13;7-ELEVEN GBG KUNGSGATA;GOETEBORG;SEK;0.0;70.0
2026-03-12;2026-03-13;ESPRESSO HOUSE 420;GOETEBORG;SEK;0.0;57.0
2026-03-12;2026-03-13;HARMONI DUMPLINGS;GOTEBORG;SEK;0.0;85.0
2026-03-11;2026-03-12;ALDARDO;GOTEBORG;SEK;0.0;155.0
2026-03-11;2026-03-12;SVEA BANK AB;SOLNA;SEK;0.0;6694.0
2026-03-11;2026-03-12;WILLYS GOTEBORG HVIT;GOTEBORG;SEK;0.0;264.9
2026-03-11;2026-03-12;WILLYS GOTEBORG HVIT;GOTEBORG;SEK;0.0;449.71
2026-03-10;2026-03-10;ESPRESSO HOUSE 363;GOETEBORG;SEK;0.0;93.0
2026-03-10;2026-03-11;HOLY GREENS AB;MALMOE;SEK;0.0;178.0
2026-03-10;2026-03-11;JACY'Z HOTEL &;GOTEBORG;SEK;0.0;105.0
2026-03-10;2026-03-11;SNUSBOLAGET.SE;HANINGE;SEK;0.0;1079.7
2026-03-09;2026-03-10;JOEANDTHEJUICE;GATEBORG;SEK;0.0;188.0
2026-03-08;2026-03-09;CHOPCHOP MJOLBY;MJOLBY;SEK;0.0;288.0
2026-03-08;2026-03-09;EASYPARK;EASYPARK.SE;SEK;0.0;103.5
2026-03-08;2026-03-09;NK BEAUTY;STOCKHOLM;SEK;0.0;510.0
2026-03-08;2026-03-09;NK KOK & DESIGN;STOCKHOLM;SEK;0.0;149.0
2026-03-08;2026-03-10;OKQ8;NYKÖPING;SEK;0.0;42.0
2026-03-08;2026-03-10;OKQ8;NYKÖPING;SEK;0.0;626.75
2026-03-08;2026-03-09;PARKADEN;STOCKHOLM;SEK;0.0;20.0
2026-03-08;2026-03-09;THELINS GRAND CAFE;STOCKHOLM;SEK;0.0;209.0
2026-03-07;2026-03-09;ICA SUPERMARKET RINGEN;STOCKHOLM;SEK;0.0;450.03
2026-03-07;2026-03-09;PLAN4 RESTAURANG AB;STOCKHOLM;SEK;0.0;45.0
2026-03-07;2026-03-09;PLAN4 RESTAURANG AB;STOCKHOLM;SEK;0.0;95.0
2026-03-07;2026-03-09;SL;STOCKHOLM;SEK;0.0;43.0
2026-03-07;2026-03-09;SVENSKT TENN;STOCKHOLM;SEK;0.0;560.0
2026-03-07;2026-03-09;THE FISHERY;STOCKHOLM;SEK;0.0;150.0
2026-03-07;2026-03-09;THE FISHERY;STOCKHOLM;SEK;0.0;210.0
2026-03-07;2026-03-09;ZETTLE_*CARPENTER HILL;STOCKHOLM;SEK;0.0;288.0
2026-03-06;2026-03-09;AMAZON PRIME;LUXEMBOURG;SEK;0.0;69.0
2026-03-06;2026-03-09;CIRCLE K ULRICEHAMN;ULRICEHAMN;SEK;0.0;130.0
2026-03-06;2026-03-09;CLARIONHOTELSTOCKH;STOCKHOLM;SEK;0.0;3258.05
2026-03-06;2026-03-06;ESPRESSO HOUSE 363;GOETEBORG;SEK;0.0;58.0
2026-03-06;2026-03-09;SYSTEMBOLAGET;GOETEBORG;SEK;0.0;338.0
2026-03-05;2026-03-06;WILLYS GOTEBORG HVIT;GOTEBORG;SEK;0.0;164.3
2026-03-05;2026-03-06;WILLYS GOTEBORG HVIT;GOTEBORG;SEK;0.0;289.16
2026-03-04;2026-03-05;BEETS DROTTNINGGATAN;GOTEBORG;SEK;0.0;155.0
2026-03-04;2026-03-04;ESPRESSO HOUSE 363;GOETEBORG;SEK;0.0;93.0
2026-03-04;2026-03-05;LOOMISP*STEINBRENNER N;GOTEBORG;SEK;0.0;71.0
2026-03-03;2026-03-04;KAFFELABBET MWJ AB;GOETEBORG;SEK;0.0;104.0
2026-03-01;2026-03-02;ARKET SE0702;GOETEBORG;SEK;0.0;49.0
2026-03-01;2026-03-02;BILIA;SOLNA;SEK;0.0;189.0
2026-03-01;2026-03-02;BOUTIQUE TINNA;G¦TEBORG;SEK;0.0;380.0
2026-03-01;2026-03-02;DESIGNTORGET OSTRA H;GOETEBORG;SEK;0.0;202.0
2026-03-01;2026-03-02;NK KIDS & TEENS GBG;GA.TEBORG;SEK;0.0;129.0
2026-03-01;2026-03-02;WILLYS GOTEBORG HVIT;GOTEBORG;SEK;0.0;270.22
2026-03-01;2026-03-02;WILLYS GOTEBORG HVIT;GOTEBORG;SEK;0.0;328.09
2026-02-28;2026-03-02;ESPRESSO HOUSE 236;GOETEBORG;SEK;0.0;58.0
2026-02-28;2026-03-02;FLORAMORAOCHKRUKATOSAB;GOTEBORG;SEK;0.0;269.0
2026-02-28;2026-03-02;HELP.HBOMAX.COM;STOCKHOLM;SEK;0.0;74.5
2026-02-28;2026-03-02;IKEA KALLERED HFB ECO;KALLERED;SEK;0.0;801.0
2026-02-27;2026-02-27;EASYPARK;EASYPARK.SE;SEK;0.0;34.85
2026-02-27;2026-03-02;FLORAMORAOCHKRUKATOSAB;GOTEBORG;SEK;0.0;548.0
2026-02-27;2026-03-02;FOODIE;GOTEBORG;SEK;0.0;169.0
2026-02-27;2026-03-02;GOTEBORG CITY MAT &;GOTEBORG;SEK;0.0;239.0
2026-02-27;2026-03-02;SYSTEMBOLAGET;GOETEBORG;SEK;0.0;226.5
2026-02-27;2026-03-02;WILLYS GOTEBORG HVIT;GOTEBORG;SEK;0.0;213.06
2026-02-26;2026-02-27;ALDARDO;GOTEBORG;SEK;0.0;155.0
2026-02-26;;BETALT BG DATUM 260226;;SEK;0.0;-39364.9
2026-02-26;2026-02-26;ESPRESSO HOUSE 420;GOETEBORG;SEK;0.0;57.0
2026-02-25;2026-02-26;7-ELEVEN GBG KUNGSGATA;GOETEBORG;SEK;0.0;22.0
2026-02-25;2026-02-25;ESPRESSO HOUSE 363;GOETEBORG;SEK;0.0;93.0
2026-02-25;2026-02-25;HOLY GREENS AB;MALMOE;SEK;0.0;190.0
2026-02-24;2026-02-24;ESPRESSO HOUSE 236;GOETEBORG;SEK;0.0;58.0
2026-02-24;2026-02-25;PRESSBYRAN GBG CSTN;GOETEBORG;SEK;0.0;79.0
2026-02-23;2026-02-24;7-ELEVEN 4215200;GOETEBORG;SEK;0.0;103.0
2026-02-23;2026-02-24;ESPRESSO HOUSE 363;GOETEBORG;SEK;0.0;58.0
2026-02-22;2026-02-23;MAXI ICA STORMARKNAD G;GOTEBORG;SEK;0.0;828.81
2026-02-21;2026-02-23;BUTIK NORRVIKEN;BASTAD;SEK;0.0;838.0
2026-02-21;2026-02-23;MAXI ICA STORMARKNAD M;MELLBYSTRAND;SEK;0.0;294.9
2026-02-21;2026-02-23;ZETTLE_*CHOCOLATERIAN;BASTAD;SEK;0.0;404.0
2026-02-20;2026-02-23;7-ELEVEN GBG KUNGSGATA;GOETEBORG;SEK;0.0;37.0
2026-02-20;2026-02-23;BEETS DROTTNINGGATAN;GOTEBORG;SEK;0.0;185.0
2026-02-20;2026-02-20;ESPRESSO HOUSE 363;GOETEBORG;SEK;0.0;35.0
2026-02-20;2026-02-23;ST1 G¦TEBORG STUREPLAT;G¦TEBORG;SEK;0.0;439.83
2026-02-19;2026-02-19;ESPRESSO HOUSE 363;GOETEBORG;SEK;0.0;58.0
2026-02-19;2026-02-19;HOLY GREENS AB;MALMOE;SEK;0.0;190.0
2026-02-18;2026-02-19;7-ELEVEN 4215200;GOETEBORG;SEK;0.0;70.41
2026-02-18;2026-02-19;FOODORA AB;STOCKHOLM;SEK;0.0;432.0
2026-02-18;2026-02-18;SPOTIFY P3F7728ECD;STOCKHOLM;SEK;0.0;129.0
2026-02-16;2026-02-17;LIDL329GBGKUNGSGATAN;STOCKHOLM;SEK;0.0;24.8
2026-02-16;2026-02-16;NETFLIX.COM;AMSTERDAM;SEK;0.0;199.0
2026-02-16;2026-02-17;WILLYS GOTEBORG HVIT;GOTEBORG;SEK;0.0;73.7
2026-02-15;2026-02-16;WILLYS GOTEBORG HVIT;GOTEBORG;SEK;0.0;37.06
2026-02-14;2026-02-16;BABYSAM SISJÖN;ASKIM;SEK;0.0;747.0
2026-02-14;2026-02-16;BILIA;SOLNA;SEK;0.0;108.0
2026-02-14;2026-02-16;MAXI ICA STORMARKNAD G;GOTEBORG;SEK;0.0;53.5
2026-02-14;2026-02-16;MAXI ICA STORMARKNAD G;GOTEBORG;SEK;0.0;791.04
2026-02-14;2026-02-16;VASTTRAFIK TO GO;SKOVDE;SEK;0.0;74.0
2026-02-14;2026-02-16;WILLYS GOTEBORG HVIT;GOTEBORG;SEK;0.0;278.6
2026-02-13;2026-02-16;BONNIER NEWS;STOCKHOLM;SEK;0.0;25.0
2026-02-13;2026-02-16;GOTEBORG CITY MAT &;GOTEBORG;SEK;0.0;118.0
2026-02-13;2026-02-16;HASSELSSONS MACKLUCKA;GOTEBORG;SEK;0.0;125.0
2026-02-13;2026-02-16;LEXINGTON HOME GOT;GOTEBORG;SEK;0.0;758.0
2026-02-13;2026-02-16;NK BEAUTY GBG;GA.TEBORG;SEK;0.0;470.0
2026-02-13;2026-02-16;NK KOK & DESIGN GBG;GA.TEBORG;SEK;0.0;108.0
2026-02-13;2026-02-16;NK VASKOR & ACCESSOARE;GOTEBORG;SEK;0.0;1000.0
2026-02-13;2026-02-16;SYSTEMBOLAGET;GOETEBORG;SEK;0.0;208.0
2026-02-13;2026-02-16;WILLYS GOTEBORG HVIT;GOTEBORG;SEK;0.0;249.05
2026-02-13;2026-02-16;WILLYS GOTEBORG HVIT;GOTEBORG;SEK;0.0;342.06
2026-02-12;2026-02-12;BOLT.EUO2602120659;TALLINN;SEK;0.0;102.0
2026-02-12;2026-02-12;ESPRESSO HOUSE 420;GOETEBORG;SEK;0.0;57.0
2026-02-12;2026-02-13;JOEANDTHEJUICE;GATEBORG;SEK;0.0;184.0
2026-02-12;2026-02-13;UBR* PENDING.UBER.COM;AMSTERDAM;SEK;0.0;75.0
2026-02-12;2026-02-13;VASTTRAFIK TO GO;SKOVDE;SEK;0.0;37.0
2026-02-12;2026-02-13;VASTTRAFIK TO GO;SKOVDE;SEK;0.0;74.0
2026-02-11;2026-02-12;7-ELEVEN GBG KUNGSGATA;GOETEBORG;SEK;0.0;59.0
2026-02-11;2026-02-12;HASSELSSONS MACKLUCKA;GOTEBORG;SEK;0.0;285.0
2026-02-11;2026-02-12;TRATTORIA FONTANA DI T;GOTEBORG;SEK;0.0;1007.6
2026-02-10;2026-02-10;7-ELEVEN 4116150;GOETEBORG;SEK;0.0;68.0
2026-02-10;2026-02-11;BEETS DROTTNINGGATAN;GOTEBORG;SEK;0.0;155.0
2026-02-10;2026-02-11;WILLYS GOTEBORG HVIT;GOTEBORG;SEK;0.0;79.14
2026-02-09;2026-02-09;ESPRESSO HOUSE 363;GOETEBORG;SEK;0.0;107.0
2026-02-09;2026-02-09;SALUHALLEN WRAPSODY;GOETEBORG;SEK;0.0;35.0
2026-02-09;2026-02-09;SALUHALLEN WRAPSODY;GOETEBORG;SEK;0.0;149.0
2026-02-08;2026-02-09;GOURMETKORV GRONSAKSTO;GOTEBORG;SEK;0.0;272.0
2026-02-08;2026-02-09;SNUSBOLAGET.SE;HANINGE;SEK;0.0;1077.9
2026-02-08;2026-02-09;WILLYS GOTEBORG HVIT;GOTEBORG;SEK;0.0;159.08
2026-02-07;2026-02-09;BLOMSTERLANDET;ASKIM;SEK;0.0;30.0
2026-02-07;2026-02-09;UBR* PENDING.UBER.COM;AMSTERDAM;SEK;0.0;128.0
2026-02-07;2026-02-09;VASTTRAFIK TO GO;SKOVDE;SEK;0.0;37.0
2026-02-07;2026-02-11;W*MMSPORTS.SE;ASKIM;SEK;0.0;1149.0
2026-02-07;2026-02-09;WILLYS GOTEBORG HVIT;GOTEBORG;SEK;0.0;106.47
2026-02-07;2026-02-09;WILLYS GOTEBORG HVIT;GOTEBORG;SEK;0.0;158.9
2026-02-06;2026-02-09;AMAZON PRIME;LUXEMBOURG;SEK;0.0;69.0
2026-02-06;2026-02-09;BROGYLLEN SALUHALL P;GOETEBORG;SEK;0.0;90.0
2026-02-06;2026-02-09;HARMONI DUMPLINGS;GOTEBORG;SEK;0.0;85.0
2026-02-06;2026-02-09;LIDL329GBGKUNGSGATAN;GOTEBORG;SEK;0.0;94.68
2026-02-06;2026-02-06;LOOMISP*STEINBRENNER N;GOTEBORG;SEK;0.0;81.0
2026-02-05;2026-02-06;ARKET SE0702;GOETEBORG;SEK;0.0;149.0
2026-02-05;2026-02-05;ESPRESSO HOUSE 363;GOETEBORG;SEK;0.0;93.0
2026-02-05;2026-02-06;LIDL329GBGKUNGSGATAN;GOTEBORG;SEK;0.0;19.9
2026-02-04;2026-02-05;7-ELEVEN KORSETTEN;GOETEBORG;SEK;0.0;90.0
2026-02-03;2026-02-03;ESPRESSO HOUSE 363;GOETEBORG;SEK;0.0;58.0
2026-02-03;2026-02-04;HOLY GREENS AB;MALMOE;SEK;0.0;193.0
2026-02-03;2026-02-04;TWILFIT AB;GOTEBORG;SEK;0.0;549.95
2026-02-02;2026-02-03;AHLENS GOETEBORG KUNGS;GOETEBORG;SEK;0.0;125.0
2026-02-02;2026-02-03;APOTEK HJARTAT KUNGSGA;GOTEBORG;SEK;0.0;90.9
2026-02-02;2026-02-03;WILLYS GOTEBORG HVIT;GOTEBORG;SEK;0.0;119.7
2026-02-02;2026-02-03;WILLYS GOTEBORG HVIT;GOTEBORG;SEK;0.0;186.72
2026-02-01;2026-02-02;WILLYS GOTEBORG HVIT;GOTEBORG;SEK;0.0;404.34
2026-01-31;2026-02-02;KAMPANILEN BAGERI O;GOTEBORG;SEK;0.0;152.0
2026-01-31;2026-02-02;WILLYS GOTEBORG HVIT;GOTEBORG;SEK;0.0;434.46
2026-01-30;2026-02-02;7-ELEVEN 4116150;GOETEBORG;SEK;0.0;28.0
2026-01-30;2026-02-02;ALDARDO;GOTEBORG;SEK;0.0;155.0
2026-01-30;2026-02-02;LIVLY;GOTEBORG;SEK;0.0;628.0
2026-01-29;2026-01-29;ESPRESSO HOUSE 363;GOETEBORG;SEK;0.0;107.0
2026-01-29;2026-01-30;VASTTRAFIK TO GO;SKOVDE;SEK;0.0;74.0
2026-01-28;2026-01-29;7-ELEVEN 4215200;GOETEBORG;SEK;0.0;101.0
2026-01-28;2026-01-29;HELP.HBOMAX.COM;STOCKHOLM;SEK;0.0;74.5
2026-01-27;2026-01-28;BEETS DROTTNINGGATAN;GOTEBORG;SEK;0.0;155.0
2026-01-27;2026-01-28;WILLYS GOTEBORG HVIT;GOTEBORG;SEK;0.0;283.23
2026-01-26;;BETALT BG DATUM 260126;;SEK;0.0;-58991.76
2026-01-26;2026-01-27;WILLYS GOTEBORG HVIT;GOTEBORG;SEK;0.0;106.13
2026-01-26;2026-01-27;WILLYS GOTEBORG HVIT;GOTEBORG;SEK;0.0;159.4
2026-01-25;2026-01-26;PARKERING GÖTEB;GÖTEBORG;SEK;0.0;518.0
2026-01-24;2026-01-26;BONNIER NEWS;STOCKHOLM;SEK;0.0;9.0
2026-01-24;2026-01-26;FLUGGER AB;GOTEBORG;SEK;0.0;584.57
2026-01-24;2026-01-26;PARKERING GÖTEB;GÖTEBORG;SEK;0.0;414.0
2026-01-24;2026-01-26;WILLYS GOTEBORG HVIT;GOTEBORG;SEK;0.0;14.9
2026-01-24;2026-01-26;WILLYS GOTEBORG HVIT;GOTEBORG;SEK;0.0;524.44
2026-01-23;2026-01-23;ESPRESSO HOUSE 363;GOETEBORG;SEK;0.0;58.0
2026-01-23;2026-01-26;FISKEKROGEN;GOTEBORG;SEK;0.0;5076.75
2026-01-23;2026-01-26;PASTOR - STORA SALUHAL;GOTEBORG;SEK;0.0;270.0
2026-01-23;2026-01-26;SWAY;GOTEBORG;SEK;0.0;630.0
2026-01-23;2026-01-23;SYSTEMBOLAGET;GOETEBORG;SEK;0.0;406.7
2026-01-23;2026-01-26;WILLYS GOTEBORG HVIT;GOTEBORG;SEK;0.0;73.7
2026-01-22;2026-01-23;ALDARDO;GOTEBORG;SEK;0.0;155.0
2026-01-22;2026-01-23;CLASOHLSON.COM/SE;INSJON;SEK;0.0;128.9
2026-01-22;2026-01-22;ESPRESSO HOUSE 363;GOETEBORG;SEK;0.0;49.0
2026-01-22;2026-01-23;WILLYS GOTEBORG HVIT;GOTEBORG;SEK;0.0;284.0
2026-01-22;2026-01-23;WILLYS GOTEBORG HVIT;GOTEBORG;SEK;0.0;328.74
2026-01-21;2026-01-21;JOE  THE JUICE NG AB;GOETEBORG;SEK;0.0;296.0
2026-01-20;2026-01-21;7-ELEVEN KORSETTEN;GOETEBORG;SEK;0.0;95.0
2026-01-20;2026-01-21;DELI AND COFFEE;MOLNLYCKE NOR;SEK;0.0;125.0
2026-01-19;2026-01-19;ESPRESSO HOUSE 363;GOETEBORG;SEK;0.0;104.0
2026-01-19;2026-01-19;HOLY GREENS AB;MALMOE;SEK;0.0;185.0
2026-01-19;2026-01-20;LIDL329GBGKUNGSGATAN;STOCKHOLM;SEK;0.0;49.7
2026-01-19;2026-01-20;MARBODAL;GOTEBORG;SEK;0.0;297.0
2026-01-18;2026-01-19;CLASOHLSON.COM/SE;INSJON;SEK;0.0;209.7
2026-01-18;2026-01-19;SPOTIFY P3E8032732;STOCKHOLM;SEK;0.0;129.0
2026-01-17;2026-01-19;GOTEBORG CITY MAT &;GOTEBORG;SEK;0.0;172.0
2026-01-17;2026-01-19;NEWPORT;GOETEBORG;SEK;0.0;1032.5
2026-01-17;2026-01-19;NK KOK & DESIGN GBG;GA.TEBORG;SEK;0.0;598.0
2026-01-17;2026-01-20;SALUT MAT  VINBAR;GOTEBORG;SEK;0.0;1000.0
2026-01-17;2026-01-19;UBR* PENDING.UBER.COM;AMSTERDAM;SEK;0.0;173.0
2026-01-17;2026-01-19;UBR* PENDING.UBER.COM;AMSTERDAM;SEK;0.0;198.0
2026-01-16;2026-01-19;ARKET SE0702;GOETEBORG;SEK;0.0;149.0
2026-01-16;2026-01-16;ESPRESSO HOUSE 236;GOETEBORG;SEK;0.0;58.0
2026-01-16;2026-01-16;NETFLIX.COM;LOS GATOS;SEK;0.0;199.0
2026-01-16;2026-01-19;WILLYS GOTEBORG HVIT;GOTEBORG;SEK;0.0;309.1
2026-01-16;2026-01-19;WILLYS GOTEBORG HVIT;GOTEBORG;SEK;0.0;337.15
2026-01-15;2026-01-16;KICKS 814 KUNGSG, GO;GOTEBORG;SEK;0.0;390.5
2026-01-15;2026-01-16;LIDL329GBGKUNGSGATAN;GOTERBORG;SEK;0.0;150.84
2026-01-14;2026-01-15;ARKET SE0702;GOETEBORG;SEK;0.0;149.0
2026-01-14;2026-01-14;ESPRESSO HOUSE 363;GOETEBORG;SEK;0.0;93.0
2026-01-13;2026-01-14;BOLT.EU/O/2601130958;TALLINN;SEK;0.0;107.0
2026-01-13;2026-01-13;ESPRESSO HOUSE 420;GOETEBORG;SEK;0.0;85.0
2026-01-13;2026-01-14;JOEANDTHEJUICE;GATEBORG;SEK;0.0;184.0
2026-01-13;2026-01-13;KLARNA BONNIER-LOCAL;STOCKHOLM;SEK;0.0;25.0
2026-01-13;2026-01-14;STYLE BARBERSHOP;GOTEBORG;SEK;0.0;389.0
2026-01-13;2026-01-14;VASTTRAFIK TO GO;SKOVDE;SEK;0.0;74.0
2026-01-12;2026-01-12;ESPRESSO HOUSE 236;GOETEBORG;SEK;0.0;58.0
2026-01-12;2026-01-13;PASTOR - STORA SALUHAL;GOTEBORG;SEK;0.0;135.0
2026-01-11;2026-01-12;CLASOHLSON.COM/SE;INSJON;SEK;0.0;74.8
2026-01-11;2026-01-12;ESPRESSO HOUSE 236;GOETEBORG;SEK;0.0;58.0
2026-01-11;2026-01-12;TM *TICKETMASTER;TICKETMASTER;SEK;0.0;1770.0
2026-01-11;2026-01-12;WILLYS GOTEBORG HVIT;GOTEBORG;SEK;0.0;195.49
2026-01-10;2026-01-12;7-ELEVEN 4215200;GOETEBORG;SEK;0.0;27.0
2026-01-10;2026-01-12;ESPRESSO HOUSE 236;GOETEBORG;SEK;0.0;58.0
2026-01-10;2026-01-12;WILLYS GOTEBORG HVIT;GOTEBORG;SEK;0.0;275.88
2026-01-09;2026-01-12;FOODORA AB;STOCKHOLM;SEK;0.0;419.0
2026-01-08;2026-01-09;WILLYS GOTEBORG HVIT;GOTEBORG;SEK;0.0;130.97
2026-01-07;2026-01-08;ARKET SE0702;GOETEBORG;SEK;0.0;196.0
2026-01-07;2026-01-08;SNUSBOLAGET.SE;HANINGE;SEK;0.0;1139.9
2026-01-07;2026-01-09;W*MMSPORTS.SE;ASKIM;SEK;0.0;1326.0
2026-01-07;2026-01-08;WILLYS GOTEBORG HVIT;GOTEBORG;SEK;0.0;43.9
2026-01-07;2026-01-08;WILLYS GOTEBORG HVIT;GOTEBORG;SEK;0.0;271.34
2026-01-07;2026-01-08;WILLYS GOTEBORG HVIT;GOTEBORG;SEK;0.0;427.1
2026-01-06;2026-01-07;AMAZON PRIME;LUXEMBOURG;SEK;0.0;69.0
2026-01-06;2026-01-07;NK BEAUTY GBG;GA.TEBORG;SEK;0.0;620.0
2026-01-06;2026-01-07;UBR* PENDING.UBER.COM;AMSTERDAM;SEK;0.0;85.0
2026-01-06;2026-01-07;WILLYS GOTEBORG HVIT;GOTEBORG;SEK;0.0;87.8
2026-01-05;2026-01-07;APOTEK HJARTAT KUNGSGA;GOTEBORG;SEK;0.0;39.9
2026-01-05;2026-01-07;BOSS GBG;GA.TEBORG;SEK;0.0;4549.0
2026-01-05;2026-01-07;JOEANDTHEJUICE;GATEBORG;SEK;0.0;184.0
2026-01-05;2026-01-07;SYSTEMBOLAGET;GOETEBORG;SEK;0.0;941.0
2026-01-05;2026-01-07;VACKER NK GÖTEB;GOTEBORG;SEK;0.0;628.6
2026-01-05;2026-01-07;WILLYS GOTEBORG HVIT;GOTEBORG;SEK;0.0;43.9
2026-01-05;2026-01-07;WILLYS GOTEBORG HVIT;GOTEBORG;SEK;0.0;111.5
2026-01-05;2026-01-07;WILLYS GOTEBORG HVIT;GOTEBORG;SEK;0.0;280.3
2026-01-05;2026-01-07;WILLYS GOTEBORG HVIT;GOTEBORG;SEK;0.0;408.76
2026-01-04;2026-01-05;ESPRESSO HOUSE 236;GOETEBORG;SEK;0.0;58.0
2026-01-04;2026-01-05;LIDL329GBGKUNGSGATAN;GOTERBORG;SEK;0.0;140.4
2026-01-04;2026-01-07;Q*LAMPGROSSEN.SE;VELLINGE;SEK;0.0;337.0
2026-01-03;2026-01-05;HESTRA GOTHENBURG;GOTHENBURG;SEK;0.0;1400.0
2026-01-02;2026-01-05;LOOMISP*STEINBRENNER-9;MOLNDAL;SEK;0.0;317.0
2026-01-02;2026-01-05;WILLYS GOTEBORG HVIT;GOTEBORG;SEK;0.0;137.37
2026-01-02;2026-01-05;WILLYS GOTEBORG HVIT;GOTEBORG;SEK;0.0;216.2
2026-01-01;2026-01-02;NINTENDO CB1537289961;FRANKFURT AM;SEK;0.0;199.0
2026-01-01;2026-01-02;PARKERING GÖTEB;GÖTEBORG;SEK;0.0;47.0
2025-12-31;2026-01-02;7-ELEVEN 4116150;GOETEBORG;SEK;0.0;53.0
2025-12-31;2026-01-02;AKADEMIBOKHANDE;GÖTEBORG;SEK;0.0;598.0
2025-12-31;2026-01-02;ICA KVANTUM LERUM;LERUM;SEK;0.0;1272.07
2025-12-30;2026-01-02;CAPRIS;GOTEBORG;SEK;0.0;650.0
2025-12-30;2026-01-02;ESPRESSO HOUSE 420;GOETEBORG;SEK;0.0;57.0
2025-12-30;2026-01-02;NK INREDNING;GA.TEBORG;SEK;0.0;349.0
2025-12-30;2026-01-02;PRESSBYRAN OESTRA SJUK;GOETEBORG;SEK;0.0;52.0
2025-12-30;2026-01-02;SYSTEMBOLAGET;GOETEBORG;SEK;0.0;418.0
2025-12-30;2026-01-02;VASTTRAFIK TO GO;SKOVDE;SEK;0.0;74.0
2025-12-30;2026-01-02;WILLYS GOTEBORG HVIT;GOTEBORG;SEK;0.0;237.27
2025-12-29;2025-12-30;BEETS SALADS BAR;GOTEBORG;SEK;0.0;318.0
2025-12-29;;BETALT BG DATUM 251229;;SEK;0.0;-26006.32
2025-12-29;2025-12-30;BOLT.EU/O/2512291128;TALLINN;SEK;0.0;162.0
2025-12-29;2025-12-29;ESPRESSO HOUSE 420;GOETEBORG;SEK;0.0;43.0
2025-12-29;2025-12-30;ESPRESSO HOUSE 420;GOETEBORG;SEK;0.0;57.0
2025-12-29;2025-12-30;VASTTRAFIK TO GO;SKOVDE;SEK;0.0;74.0
2025-12-28;2025-12-29;HELP.HBOMAX.COM;STOCKHOLM;SEK;0.0;74.5
2025-12-28;2025-12-29;HEMTEX KUNGSGAT;GOTEBORG;SEK;0.0;829.8
2025-12-28;2025-12-29;MM SPORTS AB;GOTEBORG;SEK;0.0;79.0
2025-12-28;2025-12-29;WILLYS GOTEBORG HVIT;GOTEBORG;SEK;0.0;115.03
2025-12-28;2025-12-29;WILLYS GOTEBORG HVIT;GOTEBORG;SEK;0.0;262.28
2025-12-27;2025-12-29;ESPRESSO HOUSE 157;GOETEBORG;SEK;0.0;162.0
2025-12-27;2025-12-29;TWIST & TANGO;GOTEBORG;SEK;0.0;499.0
2025-12-27;2025-12-29;WILLYS GOTEBORG HVIT;GOTEBORG;SEK;0.0;335.1
2025-12-26;2025-12-29;7-ELEVEN 4215200;GOETEBORG;SEK;0.0;48.0
2025-12-26;2025-12-29;ST1 G¦TEBORG STUREPLAT;G¦TEBORG;SEK;0.0;550.59
2025-12-25;2025-12-29;BOLT.EU/O/2512250019;TALLINN;SEK;0.0;97.0
2025-12-25;2025-12-29;WILLYS GOTEBORG HVIT;GOTEBORG;SEK;0.0;998.44
2025-12-24;2025-12-29;BOLT.EU/O/2512240854;TALLINN;SEK;0.0;103.0
2025-12-23;2025-12-29;FESKEKORKA;GOTEBORG;SEK;0.0;509.0
2025-12-23;2025-12-29;NEWPORT;GOETEBORG;SEK;0.0;756.0
2025-12-23;2025-12-29;SYSTEMBOLAGET;GOETEBORG;SEK;0.0;963.6
2025-12-23;2025-12-29;UBR* PENDING.UBER.COM;AMSTERDAM;SEK;0.0;95.0
2025-12-23;2025-12-29;UBR* PENDING.UBER.COM;AMSTERDAM;SEK;0.0;101.0
2025-12-23;2025-12-29;WILLYS GOTEBORG HVIT;GOTEBORG;SEK;0.0;282.7
2025-12-23;2025-12-29;WILLYS GOTEBORG HVIT;GOTEBORG;SEK;0.0;399.8
2025-12-22;2025-12-23;APOTEK HJARTAT KUNGSGA;GOTEBORG;SEK;0.0;39.9
2025-12-22;2025-12-22;BOLT.EU/O/2512212252;TALLINN;SEK;0.0;84.0
2025-12-22;2025-12-23;BOLT.EU/O/2512221445;TALLINN;SEK;0.0;116.0
2025-12-22;2025-12-23;DIREKTEN OSTRA SJUKH;GOTEBORG;SEK;0.0;131.0
2025-12-22;2025-12-23;FOODORA AB;STOCKHOLM;SEK;0.0;569.0
2025-12-22;2025-12-22;JOHN HENRIC NK GBG;GOETEBORG;SEK;0.0;1999.0
2025-12-22;2025-12-23;NK KOK & DESIGN GBG;GA.TEBORG;SEK;0.0;2090.0
2025-12-22;2025-12-23;SE01020 TZ-SHOP;GOTEBORG;SEK;0.0;5.0
2025-12-22;2025-12-23;SE01020 TZ-SHOP;GOTEBORG;SEK;0.0;90.0
2025-12-22;2025-12-23;VASTTRAFIK TO GO;SKOVDE;SEK;0.0;111.0
2025-12-22;2025-12-23;ZETTLE_*SAD RETAIL GRO;GOTEBORG;SEK;0.0;950.0
2025-12-21;2025-12-22;7-ELEVEN KORSETTEN;GOETEBORG;SEK;0.0;54.0
2025-12-21;2025-12-22;NK KOK & DESIGN GBG;GA.TEBORG;SEK;0.0;278.0
2025-12-21;2025-12-22;WIDING O STOLLMAN;GOTEBORG;SEK;0.0;898.0
2025-12-20;2025-12-22;FOODORA AB;STOCKHOLM;SEK;0.0;622.0
2025-12-20;2025-12-22;SVEA*GOLVVARMEB;HALMSTAD;SEK;0.0;66.0
2025-12-19;2025-12-22;WILLYS GOTEBORG HVIT;GOTEBORG;SEK;0.0;170.3
2025-12-19;2025-12-22;WILLYS GOTEBORG HVIT;GOTEBORG;SEK;0.0;207.6
2025-12-18;2025-12-19;APOTEK HJARTAT KUNGSGA;GOTEBORG;SEK;0.0;90.9
2025-12-18;2025-12-19;SE01020 TZ-SHOP;GOTEBORG;SEK;0.0;580.0
2025-12-18;2025-12-18;SPOTIFY P3D89E7989;STOCKHOLM;SEK;0.0;129.0
2025-12-18;2025-12-19;WILLYS GOTEBORG HVIT;GOTEBORG;SEK;0.0;263.52
2025-12-16;2025-12-16;ESPRESSO HOUSE 236;GOETEBORG;SEK;0.0;84.0
2025-12-16;2025-12-16;HOLY GREENS AB;MALMOE;SEK;0.0;175.0
2025-12-16;2025-12-16;NETFLIX.COM;LOS GATOS;SEK;0.0;199.0
2025-12-16;2025-12-17;WILLYS GOTEBORG HVIT;GOTEBORG;SEK;0.0;177.35
2025-12-15;2025-12-15;JOE  THE JUICE NG AB;STOCKHOLM;SEK;0.0;352.0
2025-12-14;2025-12-15;SVEA*GOLVVARMEB;HALMSTAD;SEK;0.0;89.0
2025-12-14;2025-12-15;WILLYS GOTEBORG HVIT;GOTEBORG;SEK;0.0;246.2
2025-12-13;2025-12-15;KLARNA BONNIER-LOCAL;STOCKHOLM;SEK;0.0;25.0
2025-12-13;2025-12-15;SE01020 TZ-SHOP;GOTEBORG;SEK;0.0;90.0
2025-12-13;2025-12-15;SYSTEMBOLAGET;GOETEBORG;SEK;0.0;396.0
2025-12-13;2025-12-15;WILLYS GOTEBORG HVIT;GOTEBORG;SEK;0.0;24.9
2025-12-13;2025-12-15;WILLYS GOTEBORG HVIT;GOTEBORG;SEK;0.0;308.9
2025-12-13;2025-12-15;WILLYS GOTEBORG HVIT;GOTEBORG;SEK;0.0;395.34
2025-12-12;2025-12-15;AHLENS GOETEBORG KUNGS;GOETEBORG;SEK;0.0;114.0
2025-12-12;2025-12-15;ARKET SE0702;GOETEBORG;SEK;0.0;149.0
2025-12-12;2025-12-12;KLARNA APOTEA.SE;STOCKHOLM;SEK;0.0;321.0
2025-12-12;2025-12-15;WILLYS GOTEBORG HVIT;GOTEBORG;SEK;0.0;147.66
2025-12-12;2025-12-15;WILLYS GOTEBORG HVIT;GOTEBORG;SEK;0.0;222.23
2025-12-11;2025-12-12;ALDARDO;GOTEBORG;SEK;0.0;155.0
2025-12-11;2025-12-12;S O LARSSON;GOTEBORG;SEK;0.0;99.0
2025-12-11;2025-12-12;VASTTRAFIK TO GO;SKOVDE;SEK;0.0;37.0
2025-12-10;2025-12-11;ARKET SE0702;GOETEBORG;SEK;0.0;540.0
2025-12-10;2025-12-11;BANH MI SHOP;GOTEBORG;SEK;0.0;125.0
2025-12-10;2025-12-10;ESPRESSO HOUSE 236;GOETEBORG;SEK;0.0;84.0
2025-12-10;2025-12-11;WILLYS GOTEBORG HVIT;GOTEBORG;SEK;0.0;191.5
2025-12-09;2025-12-09;7-ELEVEN 4116150;GOETEBORG;SEK;0.0;34.0
2025-12-09;2025-12-10;CLAS OHLSON;GOTEBORG;SEK;0.0;969.0
2025-12-09;2025-12-10;FOODORA AB;STOCKHOLM;SEK;0.0;281.4
2025-12-09;2025-12-10;HOLY GREENS AB;MALMOE;SEK;0.0;139.0
2025-12-09;2025-12-09;SATS KOMPASSEN;GOETEBORG;SEK;0.0;28.0
2025-12-08;2025-12-08;ESPRESSO HOUSE 363;GOETEBORG;SEK;0.0;84.0
2025-12-08;2025-12-09;LIDL329GBGKUNGSGATAN;GOTERBORG;SEK;0.0;79.8
2025-12-07;2025-12-08;KLARNA SMALANDSGRAN;STOCKHOLM;SEK;0.0;1315.0
2025-12-07;2025-12-08;NINTENDO CB1515360161;FRANKFURT AM;SEK;0.0;19.0
2025-12-07;2025-12-08;UBR* PENDING.UBER.COM;AMSTERDAM;SEK;0.0;68.0
2025-12-07;2025-12-08;UBR* PENDING.UBER.COM;AMSTERDAM;SEK;0.0;102.0
2025-12-06;2025-12-08;AHLENS GOETEBORG KUNGS;GOETEBORG;SEK;0.0;396.0
2025-12-06;2025-12-08;AMAZON PRIME;LUXEMBOURG;SEK;0.0;69.0
2025-12-06;2025-12-08;CONDECO AB;GOTEBORG;SEK;0.0;254.0
2025-12-06;2025-12-08;VACKER NK GÖTEB;GOTEBORG;SEK;0.0;297.0
2025-12-06;2025-12-08;WILLYS GOTEBORG HVIT;GOTEBORG;SEK;0.0;202.4
2025-12-05;2025-12-08;7-ELEVEN GBG KUNGSGATA;GOETEBORG;SEK;0.0;59.0
2025-12-05;2025-12-08;JOEANDTHEJUICE;GATEBORG;SEK;0.0;184.0
2025-12-05;2025-12-08;S O LARSSON;GOTEBORG;SEK;0.0;124.0
2025-12-05;2025-12-08;WILLYS GOTEBORG HVIT;GOTEBORG;SEK;0.0;272.8
2025-12-05;2025-12-08;WILLYS GOTEBORG HVIT;GOTEBORG;SEK;0.0;301.39
2025-12-04;2025-12-05;AFTONBLADET.SE;STOCKHOLM;SEK;0.0;1.0
2025-12-04;2025-12-04;ESPRESSO HOUSE 236;GOETEBORG;SEK;0.0;107.0
2025-12-03;2025-12-03;7-ELEVEN GBG KUNGSGATA;GOETEBORG;SEK;0.0;34.0
2025-12-02;2025-12-03;PASTOR - STORA SALUHAL;GOTEBORG;SEK;0.0;135.0
2025-12-02;2025-12-05;W*MMSPORTS.SE;ASKIM;SEK;0.0;1099.0
2025-12-01;2025-12-02;ARKET SE0702;GOETEBORG;SEK;0.0;149.0
2025-12-01;2025-12-02;WILLYS GOTEBORG HVIT;GOTEBORG;SEK;0.0;129.37
2025-12-01;2025-12-02;WILLYS GOTEBORG HVIT;GOTEBORG;SEK;0.0;242.3
2025-11-30;2025-12-01;ELLOS AB;BORAS;SEK;0.0;3148.1
2025-11-29;2025-12-01;7-ELEVEN 4116150;GOETEBORG;SEK;0.0;28.0
2025-11-29;2025-12-01;7-ELEVEN 4215200;GOETEBORG;SEK;0.0;35.0
2025-11-29;2025-12-01;APOTEK HJARTAT KUNGSGA;GOTEBORG;SEK;0.0;39.9
2025-11-29;2025-12-01;AVARDA*BAGAREN OCH KOC;G TEBORG;SEK;0.0;997.0
2025-11-29;2025-12-01;MIO E-HANDEL AB;TIBRO;SEK;0.0;22427.2
2025-11-29;2025-12-01;NORDISKA GALLERIET GOT;MOLNDAL;SEK;0.0;400.0
2025-11-29;2025-12-01;THE MELODY CLUB;GOTEBORG;SEK;0.0;65.0
2025-11-29;2025-12-01;VASTTRAFIK TO GO;SKOVDE;SEK;0.0;74.0
2025-11-29;2025-12-01;WILLYS GOTEBORG HVIT;GOTEBORG;SEK;0.0;302.3
2025-11-29;2025-12-01;WILLYS GOTEBORG HVIT;GOTEBORG;SEK;0.0;326.31
2025-11-28;2025-12-01;AGNAS GLOGG;FJARAS;SEK;0.0;45.0
2025-11-28;2025-12-01;HARMONI DUMPLINGS;GOTEBORG;SEK;0.0;210.0
2025-11-28;2025-12-01;HBOMAX HELP.HBOMAX.COM;STOCKHOLM;SEK;0.0;74.5
2025-11-28;2025-12-01;KICKS 814 KUNGSG, GO;GOTEBORG;SEK;0.0;1086.25
2025-11-28;2025-12-01;LOOMISP*STEINBRENNER N;GOTEBORG;SEK;0.0;71.0
2025-11-28;2025-12-01;PP TRADING VARM CHOKLA;GOTEBORG;SEK;0.0;55.0
2025-11-28;2025-12-01;WILLYS GOTEBORG HVIT;GOTEBORG;SEK;0.0;85.6
2025-11-27;2025-11-27;ESPRESSO HOUSE 236;GOETEBORG;SEK;0.0;84.0
2025-11-27;2025-11-28;JOEANDTHEJUICE;GATEBORG;SEK;0.0;203.0
2025-11-27;2025-11-28;LIDL329GBGKUNGSGATAN;GOTEBORG;SEK;0.0;35.9
2025-11-26;2025-11-27;BEETS;GOTEBORG;SEK;0.0;318.0
2025-11-26;;BETALT BG DATUM 251126;;SEK;0.0;-33796.55
2025-11-26;2025-11-26;ESPRESSO HOUSE 236;GOETEBORG;SEK;0.0;84.0
2025-11-26;2025-11-27;LIDL329GBGKUNGSGATAN;STOCKHOLM;SEK;0.0;109.78
2025-11-25;2025-11-25;7-ELEVEN 4116150;GOETEBORG;SEK;0.0;34.0
2025-11-25;2025-11-26;LIDL329GBGKUNGSGATAN;GOTEBORG;SEK;0.0;18.8
2025-11-24;2025-11-25;PASTOR - STORA SALUHAL;GOTEBORG;SEK;0.0;145.0
2025-11-24;2025-11-25;S O LARSSON;GOTEBORG;SEK;0.0;99.0
2025-11-24;2025-11-25;WILLYS GOTEBORG HVIT;GOTEBORG;SEK;0.0;255.09
2025-11-23;2025-11-24;7-ELEVEN 4116150;GOETEBORG;SEK;0.0;50.0
2025-11-23;2025-11-24;THAICORNERILINDOMEAB;LINDOME;SEK;0.0;615.0
2025-11-23;2025-11-24;UBR* PENDING.UBER.COM;AMSTERDAM;SEK;0.0;95.0
2025-11-22;2025-11-24;SYSTEMBOLAGET;GOETEBORG;SEK;0.0;314.7
2025-11-22;2025-11-24;UBR* PENDING.UBER.COM;AMSTERDAM;SEK;0.0;102.0
2025-11-22;2025-11-24;WILLYS GOTEBORG HVIT;GOTEBORG;SEK;0.0;272.25
2025-11-22;2025-11-24;WILLYS GOTEBORG HVIT;GOTEBORG;SEK;0.0;462.96
2025-11-21;2025-11-24;ALDARDO;GOTEBORG;SEK;0.0;300.0
2025-11-21;2025-11-21;BOLT.EU/O/2511202215;TALLINN;SEK;0.0;84.0
2025-11-21;2025-11-24;ELBODEN I GBG;GOTEBORG;SEK;0.0;267.0
2025-11-21;2025-11-24;FOODORA AB;STOCKHOLM;SEK;0.0;592.0
2025-11-21;2025-11-21;KRONANS APOTEK AB;GOETEBORG;SEK;0.0;552.29
2025-11-20;2025-11-20;ESPRESSO HOUSE 236;GOETEBORG;SEK;0.0;84.0
2025-11-20;2025-11-21;MASAKI HALSOSUSHI AB;GOTEBORG;SEK;0.0;298.0
2025-11-20;2025-11-21;UBR* PENDING.UBER.COM;AMSTERDAM;SEK;0.0;104.0
2025-11-19;2025-11-20;7-ELEVEN 4215200;GOETEBORG;SEK;0.0;63.0
2025-11-19;2025-11-20;ARKET SE0702;GOETEBORG;SEK;0.0;149.0
2025-11-19;2025-11-19;ESPRESSO HOUSE 236;GOETEBORG;SEK;0.0;107.0
2025-11-19;2025-11-20;WILLYS GOTEBORG HVIT;GOTEBORG;SEK;0.0;188.77
2025-11-18;2025-11-19;HARMONI DUMPLINGS;GOTEBORG;SEK;0.0;85.0
2025-11-18;2025-11-18;SPOTIFY P3C8515FE4;STOCKHOLM;SEK;0.0;129.0
2025-11-17;2025-11-17;7-ELEVEN 4116150;GOETEBORG;SEK;0.0;34.0
2025-11-17;2025-11-18;7-ELEVEN KORSETTEN;GOETEBORG;SEK;0.0;49.0
2025-11-17;2025-11-18;BOLT.EU/O/2511171235;TALLINN;SEK;0.0;94.0
2025-11-17;2025-11-18;FOODORA AB;STOCKHOLM;SEK;0.0;157.0
2025-11-17;2025-11-18;LIDL329GBGKUNGSGATAN;STOCKHOLM;SEK;0.0;38.8
2025-11-17;2025-11-18;VASTTRAFIK TO GO;SKOVDE;SEK;0.0;74.0
2025-11-16;2025-11-17;SNUSBOLAGET.SE;HANINGE;SEK;0.0;1356.0
2025-11-16;2025-11-17;SULTAN DONER;GOTEBORG;SEK;0.0;280.0
2025-11-16;2025-11-17;WILLYS GOTEBORG HVIT;GOTEBORG;SEK;0.0;282.7
2025-11-15;2025-11-17;ARTILLERIET STORE;GOETEBORG;SEK;0.0;340.0
2025-11-15;2025-11-17;EVION HOTELL &;GOTEBORG;SEK;0.0;42.0
2025-11-15;2025-11-17;EVION HOTELL &;GOTEBORG;SEK;0.0;96.0
2025-11-15;2025-11-17;GOTEBORG CITY MAT &;GOTEBORG;SEK;0.0;130.0
2025-11-15;2025-11-17;NETFLIX.COM;AMSTERDAM;SEK;0.0;199.0
2025-11-15;2025-11-17;NK KOK & DESIGN GBG;GA.TEBORG;SEK;0.0;1399.0
2025-11-15;2025-11-17;PARK LANE RESTA;GOTEBORG;SEK;0.0;224.0
2025-11-15;2025-11-17;SE0234;GOETEBORG;SEK;0.0;552.98
2025-11-15;2025-11-17;UBR* PENDING.UBER.COM;AMSTERDAM;SEK;0.0;73.0
2025-11-14;2025-11-17;DELI AND COFFEE;MOLNLYCKE NOR;SEK;0.0;145.0
2025-11-14;2025-11-14;ESPRESSO HOUSE 363;GOETEBORG;SEK;0.0;35.0
2025-11-14;2025-11-17;WILLYS GOTEBORG HVIT;GOTEBORG;SEK;0.0;148.23
2025-11-13;2025-11-13;KLARNA BONNIER-LOCAL;STOCKHOLM;SEK;0.0;25.0
2025-11-13;2025-11-14;WILLYS GOTEBORG HVIT;GOTEBORG;SEK;0.0;129.27
2025-11-13;2025-11-14;WILLYS GOTEBORG HVIT;GOTEBORG;SEK;0.0;132.7
2025-11-12;2025-11-12;ESPRESSO HOUSE 236;GOETEBORG;SEK;0.0;35.0
2025-11-12;2025-11-13;JINX DYNASTY;GOTEBORG;SEK;0.0;1485.0
2025-11-12;2025-11-13;LIDL329GBGKUNGSGATAN;GOTEBORG;SEK;0.0;109.6
2025-11-11;2025-11-12;7-ELEVEN 4215200;GOETEBORG;SEK;0.0;83.0
2025-11-11;2025-11-12;APOTEK HJARTAT KUNGSGA;GOTEBORG;SEK;0.0;51.0
2025-11-11;2025-11-11;HOLY GREENS AB;MALMOE;SEK;0.0;178.0
2025-11-11;2025-11-12;KRONANS APOTEK AB;GOETEBORG;SEK;0.0;150.9
2025-11-11;2025-11-12;STYLE BARBERSHOP;GOTEBORG;SEK;0.0;389.0
2025-11-10;2025-11-11;WILLYS GOTEBORG HVIT;GOTEBORG;SEK;0.0;483.73
2025-11-09;2025-11-10;LIVLY;GOTEBORG;SEK;0.0;449.0
2025-11-09;2025-11-10;WILLYS GOTEBORG HVIT;GOTEBORG;SEK;0.0;271.81
2025-11-08;2025-11-10;MAXI ICA STORMARKNAD M;MELLBYSTRAND;SEK;0.0;286.71
2025-11-07;2025-11-07;7-ELEVEN 4116150;GOETEBORG;SEK;0.0;34.0
2025-11-07;2025-11-10;BROGYLLEN SALUHALL P;GOETEBORG;SEK;0.0;144.0
2025-11-07;2025-11-10;JULA SVERIGE AB 411;GOETEBORG;SEK;0.0;189.5
2025-11-07;2025-11-10;MCDVARBERGNORD;VARBERG;SEK;0.0;388.0
2025-11-07;2025-11-10;NK BEAUTY GBG;GA.TEBORG;SEK;0.0;330.0
2025-11-07;2025-11-10;PARKERING GÖTEB;GÖTEBORG;SEK;0.0;28.0
2025-11-07;2025-11-10;PARKERING GÖTEB;GÖTEBORG;SEK;0.0;83.0
2025-11-07;2025-11-10;SYSTEMBOLAGET;GOETEBORG;SEK;0.0;1234.5
2025-11-06;2025-11-07;AMAZON PRIME;LUXEMBOURG;SEK;0.0;69.0
2025-11-06;2025-11-06;ESPRESSO HOUSE 236;GOETEBORG;SEK;0.0;86.0
2025-11-06;2025-11-07;FOODORA AB;STOCKHOLM;SEK;0.0;345.5
2025-11-06;2025-11-07;HARMONI DUMPLINGS;GOTEBORG;SEK;0.0;85.0
2025-11-05;2025-11-05;7-ELEVEN 4116150;GOETEBORG;SEK;0.0;54.0
2025-11-05;2025-11-06;ALDARDO;GOTEBORG;SEK;0.0;310.0
2025-11-04;2025-11-04;ESPRESSO HOUSE 363;GOETEBORG;SEK;0.0;70.0
2025-11-04;2025-11-04;SATS KOMPASSEN;GOETEBORG;SEK;0.0;28.0
2025-11-03;2025-11-04;IDROTTSREHAB;GA.TEBORG;SEK;0.0;200.0
2025-11-03;2025-11-04;S O LARSSON;GOTEBORG;SEK;0.0;99.0
2025-11-03;2025-11-04;WILLYS GOTEBORG HVIT;GOTEBORG;SEK;0.0;132.6
2025-11-02;2025-11-03;7-ELEVEN 4116150;GOETEBORG;SEK;0.0;49.0
2025-11-02;2025-11-03;WILLYS GOTEBORG HVIT;GOTEBORG;SEK;0.0;207.65
2025-11-02;2025-11-03;WILLYS GOTEBORG HVIT;GOTEBORG;SEK;0.0;248.84
2025-11-01;2025-11-03;BILLDALS BLOMMOR;HOVAS;SEK;0.0;720.0
2025-11-01;2025-11-03;FOODORA AB;STOCKHOLM;SEK;0.0;457.0
2025-11-01;2025-11-03;ICA KVANTUM HOVAS;HOVAS;SEK;0.0;203.7
2025-11-01;2025-11-03;UBR* PENDING.UBER.COM;AMSTERDAM;SEK;0.0;138.0
2025-11-01;2025-11-03;UBR* PENDING.UBER.COM;AMSTERDAM;SEK;0.0;149.0
2025-11-01;2025-11-03;VASTTRAFIK TO GO;SKOVDE;SEK;0.0;37.0
2025-10-31;2025-10-31;7-ELEVEN 4116150;GOETEBORG;SEK;0.0;49.0
2025-10-31;2025-11-03;AHLENS GOETEBORG KUNGS;GOETEBORG;SEK;0.0;263.0
2025-10-31;2025-11-03;APOTEK HJARTAT KUNGSGA;GOTEBORG;SEK;0.0;139.0
2025-10-31;2025-11-03;NK BEAUTY GBG;GA.TEBORG;SEK;0.0;1216.0
2025-10-31;2025-11-03;NK KAFFE, TE & KONFEKT;GA.TEBORG;SEK;0.0;109.0
2025-10-31;2025-11-03;NK KOK & DESIGN GBG;GA.TEBORG;SEK;0.0;129.0
2025-10-31;2025-11-03;S O LARSSON;GOTEBORG;SEK;0.0;99.0
2025-10-31;2025-11-03;SALUHALLEN WRAPSODY;GOETEBORG;SEK;0.0;204.0
2025-10-31;2025-11-03;STADIUM FREDSGA;GOTEBORG;SEK;0.0;1102.0
2025-10-31;2025-11-03;WILLYS GOTEBORG HVIT;GOTEBORG;SEK;0.0;277.06
2025-10-30;2025-10-31;7-ELEVEN KORSETTEN;GOETEBORG;SEK;0.0;54.0
2025-10-30;2025-10-31;BUN GBG;GOTEBORG;SEK;0.0;129.0
2025-10-30;2025-10-30;ESPRESSO HOUSE 236;GOETEBORG;SEK;0.0;91.0
2025-10-30;2025-10-31;MR SHOU KUNGSTORGET;GOTEBORG;SEK;0.0;135.0
2025-10-30;2025-10-31;NINTENDO CC1493081666;FRANKFURT AM;SEK;0.0;309.0
2025-10-30;2025-10-31;W*MMSPORTS.SE;ASKIM;SEK;0.0;1099.0
2025-10-30;2025-10-31;ZETTLE_*BABYSCREEN SWE;GOTEBORG;SEK;0.0;4990.0
2025-10-29;2025-10-30;HARMONI DUMPLINGS;GOTEBORG;SEK;0.0;20.0
2025-10-29;2025-10-30;HARMONI DUMPLINGS;GOTEBORG;SEK;0.0;85.0
2025-10-29;2025-10-30;S O LARSSON;GOTEBORG;SEK;0.0;119.0
2025-10-29;2025-10-30;UBR* PENDING.UBER.COM;AMSTERDAM;SEK;0.0;116.0
2025-10-28;2025-10-29;CLAS OHLSON;GOTEBORG;SEK;0.0;99.9
2025-10-28;2025-10-28;ESPRESSO HOUSE 236;GOETEBORG;SEK;0.0;86.0
2025-10-28;2025-10-29;HBO NORDIC;STOCKHOLM;SEK;0.0;64.5
2025-10-28;2025-10-29;HOLY GREENS AB;MALMOE;SEK;0.0;129.0
2025-10-28;2025-10-29;JINX DYNASTY;GOTEBORG;SEK;0.0;130.0
2025-10-28;2025-10-29;JOHN HENRIC NK GBG;GOETEBORG;SEK;0.0;1499.0
2025-10-28;2025-10-29;NK BEAUTY GBG;GA.TEBORG;SEK;0.0;330.0
2025-10-28;2025-10-28;SATS KOMPASSEN;GOETEBORG;SEK;0.0;28.0
2025-10-27;;BETALT BG DATUM 251027;;SEK;0.0;-33298.8
2025-10-27;2025-10-28;DELI AND COFFEE;MOLNLYCKE NOR;SEK;0.0;125.0
2025-10-27;2025-10-27;ESPRESSO HOUSE 236;GOETEBORG;SEK;0.0;91.0
2025-10-26;2025-10-27;NEWBODY AB;ASKIM;SEK;0.0;1880.0
2025-10-26;2025-10-27;WILLYS GOTEBORG HVIT;GOTEBORG;SEK;0.0;396.14
2025-10-25;2025-10-27;NINTENDO CC1490100850;FRANKFURT AM;SEK;0.0;165.0
2025-10-25;2025-10-27;W*NORDISKAGALLERIET;STOCKHOLM;SEK;0.0;6350.0
2025-10-25;2025-10-27;WILLYS GOTEBORG HVIT;GOTEBORG;SEK;0.0;212.8
2025-10-25;2025-10-27;WILLYS GOTEBORG HVIT;GOTEBORG;SEK;0.0;255.31
2025-10-24;2025-10-27;JOEANDTHEJUICE;GATEBORG;SEK;0.0;188.0
2025-10-24;2025-10-27;S O LARSSON;GOTEBORG;SEK;0.0;99.0
2025-10-24;2025-10-27;WILLYS GOTEBORG HVIT;GOTEBORG;SEK;0.0;153.97
2025-10-23;2025-10-23;7-ELEVEN 4116150;GOETEBORG;SEK;0.0;68.0
2025-10-23;2025-10-24;BEETS;GOTEBORG;SEK;0.0;159.0
2025-10-23;2025-10-24;VOYAGE GBG AB;GOTHENBURG;SEK;0.0;908.43
2025-10-22;2025-10-23;HASSELSSONS MACKLUCKA;GOTEBORG;SEK;0.0;160.0
2025-10-20;2025-10-20;7-ELEVEN 4116150;GOETEBORG;SEK;0.0;49.0
2025-10-19;2025-10-20;EASYPARK;EASYPARK.SE;SEK;0.0;46.5
2025-10-19;2025-10-20;EVENT BOOKING (RACEID);STOCKHOLM;SEK;0.0;480.0
2025-10-19;2025-10-20;PARKERING GÖTEB;GÖTEBORG;SEK;0.0;191.0
2025-10-19;2025-10-20;SNUSBOLAGET.SE;HANINGE;SEK;0.0;1109.7
2025-10-19;2025-10-20;WILLYS GOTEBORG HVIT;GOTEBORG;SEK;0.0;207.0
2025-10-19;2025-10-20;WILLYS GOTEBORG HVIT;GOTEBORG;SEK;0.0;296.55
2025-10-18;2025-10-20;CHOPCHOP EUROST;OREBRO;SEK;0.0;276.0
2025-10-18;2025-10-20;CIRCLE K OREBRO EUROST;OREBRO;SEK;0.0;104.0
2025-10-18;2025-10-20;CIRCLE K OREBRO EUROST;OREBRO;SEK;0.0;537.81
2025-10-18;2025-10-20;SPOTIFY P3B976EF2B;STOCKHOLM;SEK;0.0;129.0
2025-10-17;2025-10-17;7-ELEVEN GBG KUNGSGATA;GOETEBORG;SEK;0.0;49.0
2025-10-17;2025-10-20;HOTEL AT BOOKING.COM;AMSTERDAM;SEK;0.0;1502.0
2025-10-17;2025-10-17;JOE  THE JUICE NG AB;GOETEBORG;SEK;0.0;168.0
2025-10-17;2025-10-20;MAX BURGERS 2010100_KI;ALINGSAS;SEK;0.0;46.0
2025-10-17;2025-10-20;MAX BURGERS 2010100_KI;ALINGSAS;SEK;0.0;212.0
2025-10-17;2025-10-21;OKQ8;LAXÅ;SEK;0.0;157.0
2025-10-17;2025-10-20;ST1 G¦TEBORG STUREPLAT;G¦TEBORG;SEK;0.0;543.66
2025-10-16;2025-10-16;7-ELEVEN 4116150;GOETEBORG;SEK;0.0;79.0
2025-10-16;2025-10-17;DELI AND COFFEE;MOLNLYCKE NOR;SEK;0.0;157.0
2025-10-16;2025-10-16;NETFLIX.COM;020790637;SEK;0.0;199.0
2025-10-15;2025-10-16;ENOTECA SASSI;GOTEBORG;SEK;0.0;579.6
2025-10-15;2025-10-16;MR SHOU KUNGSTORGET;GOTEBORG;SEK;0.0;135.0
2025-10-15;2025-10-16;TV4 PLAY;STOCKHOLM;SEK;0.0;399.0
2025-10-14;2025-10-14;7-ELEVEN 4116150;GOETEBORG;SEK;0.0;76.0
2025-10-13;2025-10-14;APOTEK HJARTAT KUNGSGA;GOTEBORG;SEK;0.0;94.9
2025-10-13;2025-10-13;KLARNA BONNIER-LOCAL;STOCKHOLM;SEK;0.0;25.0
2025-10-12;2025-10-13;WILLYS GOTEBORG HVIT;GOTEBORG;SEK;0.0;80.11
2025-10-12;2025-10-13;WILLYS GOTEBORG HVIT;GOTEBORG;SEK;0.0;144.6
2025-10-12;2025-10-13;WILLYS GOTEBORG HVIT;GOTEBORG;SEK;0.0;151.18
2025-10-11;2025-10-13;HAGA ESPRESSO;GOTEBORG;SEK;0.0;110.0
2025-10-11;2025-10-13;WILLYS GOTEBORG HVIT;GOTEBORG;SEK;0.0;319.79
2025-10-10;2025-10-10;7-ELEVEN 4116150;GOETEBORG;SEK;0.0;76.0
2025-10-10;2025-10-13;VIAPLAY;STOCKHOLM;SEK;0.0;399.0
2025-10-10;2025-10-13;WILLYS GOTEBORG HVIT;GOTEBORG;SEK;0.0;216.74
2025-10-10;2025-10-13;WILLYS GOTEBORG HVIT;GOTEBORG;SEK;0.0;244.7
2025-10-09;2025-10-10;7-ELEVEN KORSETTEN;GOETEBORG;SEK;0.0;73.0
2025-10-09;2025-10-10;MR SHOU KUNGSTORGET;GOTEBORG;SEK;0.0;135.0
2025-10-08;2025-10-08;7-ELEVEN 4116150;GOETEBORG;SEK;0.0;34.0
2025-10-07;2025-10-08;APOTEK HJARTAT KUNGSGA;GOTEBORG;SEK;0.0;55.0
2025-10-07;2025-10-08;HOLY GREENS AB;MALMOE;SEK;0.0;278.0
2025-10-07;2025-10-08;WILLYS GOTEBORG HVIT;GOTEBORG;SEK;0.0;285.36
2025-10-06;2025-10-07;AMAZON PRIME;WWW.AMAZON.SE;SEK;0.0;69.0
2025-10-06;2025-10-07;VR RESA;STOCKHOLM;SEK;0.0;-1159.0
2025-10-05;2025-10-06;5151 RITAZZA ST;STOCKHOLM;SEK;0.0;109.0
2025-10-05;2025-10-06;SL;STOCKHOLM;SEK;0.0;43.0
2025-10-05;2025-10-06;VASTTRAFIK TO GO;SKOVDE;SEK;0.0;74.0
2025-10-05;2025-10-06;ZETTLE_*CHEAP NOODLES;STOCKHOLM;SEK;0.0;90.0
2025-10-04;2025-10-06;BAP BURGER OCH PASTRAM;STOCKHOLM;SEK;0.0;1133.0
2025-10-04;2025-10-06;ICA SUPERMARKET RINGEN;STOCKHOLM;SEK;0.0;118.7
2025-10-04;2025-10-06;KMARKT TEATERN;STOCKHOLM;SEK;0.0;57.0
2025-10-04;2025-10-06;NYX*SANIBOXAB;NACKA;SEK;0.0;10.0
2025-10-04;2025-10-06;SL;STOCKHOLM;SEK;0.0;129.0
2025-10-03;2025-10-03;7-ELEVEN 4116150;GOETEBORG;SEK;0.0;34.0
2025-10-03;2025-10-06;COOP KONSUM T-CENTRALE;STOCKHOLM;SEK;0.0;49.95
2025-10-03;2025-10-06;PASTOR - STORA SALUHAL;GOTEBORG;SEK;0.0;145.0
2025-10-03;2025-10-06;PRESSBYRAN GBG CSTN;GOETEBORG;SEK;0.0;62.0
2025-10-03;2025-10-06;SL;STOCKHOLM;SEK;0.0;43.0
2025-10-03;2025-10-06;SYSTEMBOLAGET;GOETEBORG;SEK;0.0;348.0
2025-10-03;2025-10-06;ZETTLE_*VR SNABBTAG SV;STOCKHOLM;SEK;0.0;50.0
2025-10-02;2025-10-02;7-ELEVEN 4116150;GOETEBORG;SEK;0.0;65.0
2025-10-02;2025-10-03;HARMONI DUMPLINGS;GOTEBORG;SEK;0.0;85.0
2025-10-01;2025-10-01;7-ELEVEN 4116150;GOETEBORG;SEK;0.0;137.0
2025-10-01;2025-10-02;FOODORA AB;STOCKHOLM;SEK;0.0;345.0
2025-10-01;2025-10-01;HOLY GREENS AB;MALMOE;SEK;0.0;139.0
2025-10-01;2025-10-02;WILLYS GOTEBORG HVIT;GOTEBORG;SEK;0.0;169.65
2025-09-29;2025-09-30;7-ELEVEN 4215200;GOETEBORG;SEK;0.0;66.0
2025-09-29;2025-09-29;7-ELEVEN GBG KUNGSGATA;GOETEBORG;SEK;0.0;54.0
2025-09-29;2025-09-30;HEMKOP GOTEBORG NORD;GOTEBORG;SEK;0.0;46.95
2025-09-29;2025-09-30;KRONANS APOTEK AB;GOETEBORG;SEK;0.0;254.9
2025-09-29;2025-09-30;LIDL329GBGKUNGSGATAN;GOTEBORG;SEK;0.0;148.9
2025-09-29;2025-09-29;WEBHALLEN SVERIGE AB;GOETEBORG;SEK;0.0;990.0
2025-09-28;2025-09-29;BOLT.EU/O/2509272149;TALLINN;SEK;0.0;122.0
2025-09-28;2025-09-29;HELP.HBOMAX.COM;STOCKHOLM;SEK;0.0;64.5
2025-09-28;2025-09-29;ICA FOCUS;GOTEBORG;SEK;0.0;353.85
2025-09-28;2025-09-29;MM SPORTS AB;GOTEBORG;SEK;0.0;329.0
2025-09-28;2025-09-29;SNUSBOLAGET.SE;HANINGE;SEK;0.0;1009.75
2025-09-28;2025-09-29;WILLYS GOTEBORG HVIT;GOTEBORG;SEK;0.0;122.82
2025-09-28;2025-09-29;WILLYS GOTEBORG HVIT;GOTEBORG;SEK;0.0;248.4
2025-09-27;2025-09-29;7-ELEVEN 4116150;GOETEBORG;SEK;0.0;50.0
2025-09-27;2025-09-30;W*MMSPORTS.SE;ASKIM;SEK;0.0;1248.0
2025-09-26;2025-09-29;7-ELEVEN 4215200;GOETEBORG;SEK;0.0;49.0
2025-09-26;2025-09-29;7-ELEVEN KORSETTEN;GOETEBORG;SEK;0.0;64.0
2025-09-26;;BETALT BG DATUM 250926;;SEK;0.0;-27833.53
2025-09-26;2025-09-29;OLIVIA GOTEBORG;GOETEBORG;SEK;0.0;359.0
2025-09-26;2025-09-29;TEHUSET JAVA GÖ;GOTEBORG;SEK;0.0;119.0
2025-09-26;2025-09-29;VACKER NK GÖTEB;GOTEBORG;SEK;0.0;808.0
2025-09-26;2025-09-29;WILLYS GOTEBORG HVIT;GOTEBORG;SEK;0.0;447.21
2025-09-25;2025-09-25;7-ELEVEN 4116150;GOETEBORG;SEK;0.0;77.0
2025-09-25;2025-09-26;7-ELEVEN 4215200;GOETEBORG;SEK;0.0;77.0
2025-09-24;2025-09-24;7-ELEVEN 4116150;GOETEBORG;SEK;0.0;34.0
2025-09-24;2025-09-25;HOLY GREENS AB;MALMOE;SEK;0.0;129.0
2025-09-24;2025-09-25;VASTTRAFIKBLIPP;SKOVDE;SEK;0.0;37.0
2025-09-24;2025-09-25;WILLYS GOTEBORG HVIT;GOTEBORG;SEK;0.0;125.7
2025-09-24;2025-09-25;WILLYS GOTEBORG HVIT;GOTEBORG;SEK;0.0;272.0
2025-09-23;2025-09-24;7-ELEVEN KORSETTEN;GOETEBORG;SEK;0.0;79.0
2025-09-23;2025-09-24;KRONANS APOTEK AB;GOETEBORG;SEK;0.0;479.9
2025-09-23;2025-09-23;SATS KOMPASSEN;GOETEBORG;SEK;0.0;32.0
2025-09-22;2025-09-22;7-ELEVEN GBG KUNGSGATA;GOETEBORG;SEK;0.0;104.0
2025-09-22;2025-09-23;WEEKDAY;STOCKHOLM;SEK;0.0;589.0
2025-09-21;2025-09-22;CONDECO AB;GOTEBORG;SEK;0.0;52.0
2025-09-21;2025-09-22;KRONANS APOTEK AB;GOETEBORG;SEK;0.0;89.0
2025-09-21;2025-09-22;VR RESA;STOCKHOLM;SEK;0.0;3856.0
2025-09-21;2025-09-22;WILLYS GOTEBORG HVIT;GOTEBORG;SEK;0.0;342.94
2025-09-21;2025-09-22;ZETTLE_*JIMMY   JOAN S;GOTEBORG;SEK;0.0;300.0
2025-09-20;2025-09-22;APOTEKET KUNGSGATAN;GOETEBORG;SEK;0.0;115.0
2025-09-20;2025-09-22;ESPRESSO HOUSE 195;GOETEBORG;SEK;0.0;100.0
2025-09-20;2025-09-22;FESKEKORKA;GOTEBORG;SEK;0.0;111.5
2025-09-20;2025-09-22;SYSTEMBOLAGET;GOETEBORG;SEK;0.0;411.7
2025-09-20;2025-09-22;VASTTRAFIK TO GO;SKOVDE;SEK;0.0;37.0
2025-09-20;2025-09-22;WILLYS GOTEBORG HVIT;GOTEBORG;SEK;0.0;41.9
2025-09-20;2025-09-22;WILLYS GOTEBORG HVIT;GOTEBORG;SEK;0.0;42.9
2025-09-20;2025-09-22;WILLYS GOTEBORG HVIT;GOTEBORG;SEK;0.0;242.27
2025-09-20;2025-09-22;WILLYS GOTEBORG HVIT;GOTEBORG;SEK;0.0;292.3
2025-09-19;2025-09-22;APOTEK HJARTAT KUNGSGA;GOTEBORG;SEK;0.0;179.0
2025-09-18;2025-09-18;7-ELEVEN 4116150;GOETEBORG;SEK;0.0;30.0
2025-09-18;2025-09-19;7-ELEVEN 4215200;GOETEBORG;SEK;0.0;104.0
2025-09-18;2025-09-19;7-ELEVEN KORSETTEN;GOETEBORG;SEK;0.0;35.0
2025-09-18;2025-09-18;SPOTIFY P3AA7FC64C;STOCKHOLM;SEK;0.0;129.0
2025-09-17;2025-09-17;7-ELEVEN 4116150;GOETEBORG;SEK;0.0;45.0
2025-09-17;2025-09-17;7-ELEVEN GBG KUNGSGATA;GOETEBORG;SEK;0.0;52.0
2025-09-17;2025-09-18;ON AIR GAME SHOWS SWED;GOTEBORG;SEK;0.0;89.0
2025-09-17;2025-09-18;ON AIR GAME SHOWS SWED;GOTEBORG;SEK;0.0;264.0
2025-09-17;2025-09-18;SKANSHOF;GOETEBORG;SEK;0.0;351.0
2025-09-16;2025-09-16;NETFLIX.COM;020790637;SEK;0.0;199.0
2025-09-16;2025-09-16;SATS KOMPASSEN;GOETEBORG;SEK;0.0;28.0
2025-09-15;2025-09-15;7-ELEVEN 4515158;GOETEBORG;SEK;0.0;52.0
2025-09-15;2025-09-16;TV4 PLAY;STOCKHOLM;SEK;0.0;399.0
2025-09-15;2025-09-16;WILLYS GOTEBORG HVIT;GOTEBORG;SEK;0.0;456.23
2025-09-14;2025-09-15;WILLYS GOTEBORG HVIT;GOTEBORG;SEK;0.0;48.8
2025-09-13;2025-09-15;KLARNA BONNIER-LOCAL;STOCKHOLM;SEK;0.0;25.0
2025-09-13;2025-09-15;UBR* PENDING.UBER.COM;AMSTERDAM;SEK;0.0;284.0
2025-09-13;2025-09-15;UBR* PENDING.UBER.COM;AMSTERDAM;SEK;0.0;413.0
2025-09-13;2025-09-15;WILLYS GOTEBORG HVIT;GOTEBORG;SEK;0.0;149.5
2025-09-13;2025-09-15;WILLYS GOTEBORG HVIT;GOTEBORG;SEK;0.0;278.96
2025-09-12;2025-09-15;BOLT.EU/O/2509122111;TALLINN;SEK;0.0;160.0
2025-09-12;2025-09-12;JOE  THE JUICE NG AB;STOCKHOLM;SEK;0.0;149.0
2025-09-12;2025-09-15;STORKOKET I GOT;GOTEBORG;SEK;0.0;617.4
2025-09-12;2025-09-15;TOSO;GOTEBORG;SEK;0.0;2337.5
2025-09-12;2025-09-15;VASQUE KEMTVATT;GOTEBORG;SEK;0.0;1630.0
2025-09-11;2025-09-12;JINX DYNASTY;GOTEBORG;SEK;0.0;130.0
2025-09-11;2025-09-12;STUDIO;GOTEBORG;SEK;0.0;521.4
2025-09-11;2025-09-12;STYLE BARBERSHOP;GOTEBORG;SEK;0.0;389.0
2025-09-10;2025-09-11;ALDARDO;GOTEBORG;SEK;0.0;155.0
2025-09-10;2025-09-11;HEMTEX KUNGSGAT;GOTEBORG;SEK;0.0;1399.79
2025-09-10;2025-09-11;LIDL329GBGKUNGSGATAN;STOCKHOLM;SEK;0.0;91.76
2025-09-09;2025-09-09;7-ELEVEN 4116150;GOETEBORG;SEK;0.0;30.0
2025-09-09;2025-09-10;HOLY GREENS AB;MALMOE;SEK;0.0;179.0
2025-09-09;2025-09-09;SATS KOMPASSEN;GOETEBORG;SEK;0.0;28.0
2025-09-08;2025-09-08;7-ELEVEN KORSETTEN;GOETEBORG;SEK;0.0;30.0
2025-09-08;2025-09-09;IDROTTSREHAB;GA.TEBORG;SEK;0.0;200.0
2025-09-08;2025-09-09;SNUSBOLAGET.SE;HANINGE;SEK;0.0;999.0
2025-09-07;2025-09-08;APOTEA.SE;STOCKHOLM;SEK;0.0;321.0
2025-09-07;2025-09-08;BOLT.EU/O/2509062239;TALLINN;SEK;0.0;113.0
2025-09-07;2025-09-08;WILLYS GOTEBORG HVIT;GOTEBORG;SEK;0.0;23.53
2025-09-07;2025-09-08;WILLYS GOTEBORG HVIT;GOTEBORG;SEK;0.0;377.58
2025-09-06;2025-09-08;7-ELEVEN KORSETTEN;GOETEBORG;SEK;0.0;56.0
2025-09-06;2025-09-08;7-ELEVEN KORSETTEN;GOETEBORG;SEK;0.0;76.0
2025-09-06;2025-09-08;AMAZON PRIME;WWW.AMAZON.SE;SEK;0.0;69.0
2025-09-06;2025-09-08;GOTEBORG CITY MAT &;GOTEBORG;SEK;0.0;108.0
2025-09-06;2025-09-08;LOOMISP*STAURANG VASTE;GOTEBORG;SEK;0.0;178.0
2025-09-06;2025-09-08;NK INREDNING;GA.TEBORG;SEK;0.0;349.0
2025-09-06;2025-09-08;TEHUSET JAVA GÖ;GOTEBORG;SEK;0.0;119.0
2025-09-06;2025-09-08;UBR* PENDING.UBER.COM;AMSTERDAM;SEK;0.0;116.0
2025-09-05;2025-09-08;HASSELBACKEN;GOTEBORG;SEK;0.0;162.41
2025-09-05;2025-09-08;HUGO ERICSON OST I SAL;GOTEBORG;SEK;0.0;188.0
2025-09-05;2025-09-08;KICKS 814 KUNGSG, GO;GOTEBORG;SEK;0.0;199.0
2025-09-05;2025-09-08;SYSTEMBOLAGET;GOETEBORG;SEK;0.0;266.7
2025-09-05;2025-09-08;VITA DUVAN;GOTEBORG;SEK;0.0;370.0
2025-09-05;2025-09-08;WILLYS GOTEBORG HVIT;GOTEBORG;SEK;0.0;344.52
2025-09-04;2025-09-05;JOEANDTHEJUICE;GATEBORG;SEK;0.0;184.0
2025-09-03;2025-09-04;APOTEK HJARTAT KUNGSGA;GOTEBORG;SEK;0.0;130.8
2025-09-03;2025-09-04;STYR  STAELL;GOTHENBURG;SEK;0.0;20.0
2025-09-03;2025-09-04;WILLYS GOTEBORG HVIT;GOTEBORG;SEK;0.0;70.18
2025-09-03;2025-09-04;WILLYS GOTEBORG HVIT;GOTEBORG;SEK;0.0;218.41
2025-09-01;2025-09-01;JOE  THE JUICE NG AB;STOCKHOLM;SEK;0.0;149.0
2025-09-01;2025-09-02;S O LARSSON;GOTEBORG;SEK;0.0;99.0
2025-09-01;2025-09-02;WILLYS GOTEBORG HVIT;GOTEBORG;SEK;0.0;296.5
2025-08-31;2025-09-01;PARKERING GÖTEB;GÖTEBORG;SEK;0.0;56.0
2025-08-31;2025-09-01;UBR* PENDING.UBER.COM;AMSTERDAM;SEK;0.0;83.0
2025-08-30;2025-09-01;NK KIDS & TEENS GBG;GA.TEBORG;SEK;0.0;39.0
2025-08-30;2025-09-01;NK KIDS & TEENS GBG;GA.TEBORG;SEK;0.0;249.0
2025-08-30;2025-09-01;PARKERING GÖTEB;GÖTEBORG;SEK;0.0;57.0
2025-08-30;2025-09-01;ST1 SANDSJ¦BACKA ÖST;LINDOME;SEK;0.0;360.64
2025-08-29;2025-09-01;WILLYS GOTEBORG HVIT;GOTEBORG;SEK;0.0;39.8
2025-08-28;2025-08-29;HALLANDSTRAFIKE;FALKENBERG;SEK;0.0;409.0
2025-08-28;2025-08-29;HELP.HBOMAX.COM;STOCKHOLM;SEK;0.0;64.5
2025-08-27;;BETALT BG DATUM 250827;;SEK;0.0;-63547.17
2025-08-27;2025-08-28;DRESSMANN 680;GOTEBORG;SEK;0.0;299.0
2025-08-27;2025-08-28;HALLANDSTRAFIKE;FALKENBERG;SEK;0.0;409.0
2025-08-27;2025-08-28;HARMONI DUMPLINGS;GOTEBORG;SEK;0.0;85.0
2025-08-27;2025-08-28;VASTTRAFIK TO GO;SKOVDE;SEK;0.0;74.0
2025-08-26;2025-08-27;BEETS;GOTEBORG;SEK;0.0;189.0
2025-08-26;2025-08-26;SATS KOMPASSEN;GOETEBORG;SEK;0.0;28.0
2025-08-26;2025-08-27;WILLYS GOTEBORG HVIT;GOTEBORG;SEK;0.0;162.25
2025-08-25;2025-08-26;AHLENS GOETEBORG KUNGS;GOETEBORG;SEK;0.0;39.0
2025-08-25;2025-08-27;ELIO;GOTEBORG;SEK;0.0;1600.0
2025-08-24;2025-08-25;14M2BAO.SE* LOCO Ö 14M;GOTEBORG;SEK;0.0;288.0
2025-08-24;2025-08-25;KAFFELABBET MWJ AB;GOETEBORG;SEK;0.0;89.0
2025-08-24;2025-08-25;KLARNA SNUSBOLAGET.S;STOCKHOLM;SEK;0.0;1828.9
2025-08-23;2025-08-25;BELLE CELINE AB;GOTEBORG;SEK;0.0;2695.0
2025-08-23;2025-08-26;W*MMSPORTS.SE;ASKIM;SEK;0.0;1532.0
2025-08-23;2025-08-25;WILLYS GOTEBORG HVIT;GOTEBORG;SEK;0.0;83.8
2025-08-23;2025-08-25;WILLYS GOTEBORG HVIT;GOTEBORG;SEK;0.0;119.86
2025-08-23;2025-08-25;WILLYS GOTEBORG HVIT;GOTEBORG;SEK;0.0;202.31
2025-08-23;2025-08-25;WILLYS GOTEBORG HVIT;GOTEBORG;SEK;0.0;290.23
2025-08-22;2025-08-25;ENOTECA SASSI;GOTEBORG;SEK;0.0;1320.0
2025-08-21;2025-08-22;7-ELEVEN 4515158;GOETEBORG;SEK;0.0;104.0
2025-08-21;2025-08-22;BUNCHERY BY BLOMRUM;GOETEBORG;SEK;0.0;218.0
2025-08-21;2025-08-22;HARMONI DUMPLINGS;GOTEBORG;SEK;0.0;85.0
2025-08-20;2025-08-20;7-ELEVEN 4515158;GOETEBORG;SEK;0.0;52.0
2025-08-20;2025-08-21;NINTENDO CC1454396757;FRANKFURT AM;SEK;0.0;359.0
2025-08-19;2025-08-19;7-ELEVEN 4515158;GOETEBORG;SEK;0.0;52.0
2025-08-19;2025-08-19;SATS KOMPASSEN;GOETEBORG;SEK;0.0;28.0
2025-08-19;2025-08-20;WILLYS GOTEBORG HVIT;GOTEBORG;SEK;0.0;462.4
2025-08-18;2025-08-19;AMAZONMKTPLC*RU6PV3OH4;WWW.AMAZON.SE;SEK;0.0;178.0
2025-08-18;2025-08-18;SPOTIFY P39A562705;STOCKHOLM;SEK;0.0;119.0
2025-08-17;2025-08-18;7-ELEVEN 4515158;GOETEBORG;SEK;0.0;52.0
2025-08-17;2025-08-18;BROGYLLEN PEDAGOG P;MOELNDAL;SEK;0.0;99.0
2025-08-17;2025-08-18;WILLYS GOTEBORG HVIT;GOTEBORG;SEK;0.0;271.87
2025-08-16;2025-08-18;NETFLIX.COM;020790637;SEK;0.0;199.0
2025-08-16;2025-08-18;STENUGNSBAGERIET HEDEN;GOTEBORG;SEK;0.0;69.0
2025-08-15;2025-08-15;7-ELEVEN 4515158;GOETEBORG;SEK;0.0;52.0
2025-08-15;2025-08-15;HOLY GREENS AB;MALMOE;SEK;0.0;169.0
2025-08-15;2025-08-18;LIDL329GBGKUNGSGATAN;STOCKHOLM;SEK;0.0;245.28
2025-08-15;2025-08-18;SYSTEMBOLAGET;GOETEBORG;SEK;0.0;222.6
2025-08-15;2025-08-18;TV4 PLAY;STOCKHOLM;SEK;0.0;399.0
2025-08-14;2025-08-15;ESPRESSO HOUSE 195;GOETEBORG;SEK;0.0;39.0
2025-08-13;2025-08-13;7-ELEVEN 4116150;GOETEBORG;SEK;0.0;30.0
2025-08-13;2025-08-13;7-ELEVEN 4515158;GOETEBORG;SEK;0.0;52.0
2025-08-13;2025-08-14;7-ELEVEN KORSETTEN;GOETEBORG;SEK;0.0;64.0
2025-08-13;2025-08-14;APOTEK HJARTAT KUNGSGA;GOTEBORG;SEK;0.0;79.0
2025-08-13;2025-08-13;KLARNA BONNIER-LOCAL;STOCKHOLM;SEK;0.0;149.0
2025-08-13;2025-08-14;VASTTRAFIKBLIPP;SKOVDE;SEK;0.0;37.0
2025-08-13;2025-08-14;WILLYS GOTEBORG HVIT;GOTEBORG;SEK;0.0;237.2
2025-08-13;2025-08-14;WILLYS GOTEBORG HVIT;GOTEBORG;SEK;0.0;331.59
2025-08-11;2025-08-13;IDROTTSREHAB;GA.TEBORG;SEK;0.0;200.0
2025-08-10;2025-08-11;ICA FOCUS;GOTEBORG;SEK;0.0;249.9
2025-08-10;2025-08-13;TORPA;LANGHEM;SEK;0.0;30.0
2025-08-10;2025-08-13;TORPA;LANGHEM;SEK;0.0;66.0
2025-08-10;2025-08-13;TORPA;LANGHEM;SEK;0.0;135.0
2025-08-10;2025-08-13;TORPA;LANGHEM;SEK;0.0;156.0
2025-08-09;2025-08-11;WILLYS GOTEBORG HVIT;GOTEBORG;SEK;0.0;61.8
2025-08-09;2025-08-11;WILLYS GOTEBORG HVIT;GOTEBORG;SEK;0.0;428.3
2025-08-08;2025-08-11;CLAS OHLSON;GOTEBORG;SEK;0.0;354.6
2025-08-08;2025-08-12;SVEA*ALSENS.COM;TRANAS;SEK;0.0;116.0
2025-08-08;2025-08-11;WILLYS GOTEBORG HVIT;GOTEBORG;SEK;0.0;334.57
2025-08-07;2025-08-08;BAR CENTRO;GOTEBORG;SEK;0.0;232.0
2025-08-07;2025-08-08;HOLY GREENS AB;MALMOE;SEK;0.0;184.0
2025-08-06;2025-08-07;AMAZON PRIME;WWW.AMAZON.SE;SEK;0.0;69.0
2025-08-06;2025-08-07;JOEANDTHEJUICE;GATEBORG;SEK;0.0;142.0
2025-08-06;2025-08-07;WILLYS GOTEBORG HVIT;GOTEBORG;SEK;0.0;738.72
2025-08-04;2025-08-05;APPLE.COM/BILL;ITUNES.COM;SEK;0.0;995.0
2025-08-04;2025-08-05;WILLYS GOTEBORG HVIT;GOTEBORG;SEK;0.0;311.9
2025-08-03;2025-08-04;KRONANS APOTEK AB;GOETEBORG;SEK;0.0;41.7
2025-08-03;2025-08-04;VASTTRAFIK TO GO;SKOVDE;SEK;0.0;74.0
2025-08-03;2025-08-04;WILLYS GOTEBORG HVIT;GOTEBORG;SEK;0.0;217.5
2025-08-03;2025-08-04;WILLYS GOTEBORG HVIT;GOTEBORG;SEK;0.0;298.14
2025-08-03;2025-08-04;ZETTLE_*BUD O TAXI STJ;FALKENBERG;SEK;0.0;167.0
2025-08-02;2025-08-04;ICA FOCUS;GOTEBORG;SEK;0.0;513.6
2025-08-02;2025-08-04;MS* GRANDHOTELFALKENB;FALKENBERG;SEK;0.0;2108.0
2025-08-02;2025-08-04;UBR* PENDING.UBER.COM;AMSTERDAM;SEK;0.0;98.0
2025-08-02;2025-08-04;VASTTRAFIK TO GO;SKOVDE;SEK;0.0;22.0
2025-08-01;2025-08-04;BOLT.EUO2508012056;TALLINN;SEK;0.0;78.0
2025-08-01;2025-08-04;CHAMPAGNEBAREN KYRKOGA;GOTEBORG;SEK;0.0;336.0
2025-08-01;2025-08-04;VASTTRAFIK TO GO;SKOVDE;SEK;0.0;74.0
2025-08-01;2025-08-04;VILLA BELPARC;GOTEBORG;SEK;0.0;177.0
2025-08-01;2025-08-04;VILLA BELPARC;GOTEBORG;SEK;0.0;191.0
2025-08-01;2025-08-04;VILLA BELPARC;GOTEBORG;SEK;0.0;210.0
2025-08-01;2025-08-04;WILLYS GOTEBORG HVIT;GOTEBORG;SEK;0.0;462.97
2025-07-31;;EXTRAKORTSAVGIFT;;SEK;0.0;295.0
2025-07-31;2025-08-01;HORNBACH GOTEBORG;GOTEBORG;SEK;0.0;207.95
2025-07-31;2025-08-01;NATURALCYCLES;STOCKHOLM;SEK;0.0;1189.0
2025-07-31;2025-08-01;VASTTRAFIK TO GO;SKOVDE;SEK;0.0;37.0
2025-07-31;2025-08-01;WILLYS GOTEBORG HVIT;GOTEBORG;SEK;0.0;263.09
2025-07-31;;ÅRSAVGIFT;;SEK;0.0;2335.0
2025-07-31;2025-08-06;År-/mån avg;;SEK;0.0;295.0
2025-07-31;2025-08-06;År-/mån avg;;SEK;0.0;2335.0
2025-07-30;;BETALT BG DATUM 250730;;SEK;0.0;-41564.08
2025-07-30;2025-07-31;PARKSTER SWE;LUND;SEK;0.0;66.0
2025-07-30;2025-07-31;PARKSTER SWE;LUND;SEK;0.0;68.0
2025-07-29;2025-07-30;MAXI ICA STORMARKNAD L;LJUNGBY;SEK;0.0;146.0
2025-07-28;2025-07-29;CIRCLE K VARBERG NORD;VARBERG;SEK;0.0;133.0
2025-07-28;2025-07-29;HELP.HBOMAX.COM;STOCKHOLM;SEK;0.0;64.5
2025-07-28;2025-07-28;SYSTEMBOLAGET;GOETEBORG;SEK;0.0;1236.7
2025-07-27;2025-07-28;LEKIA KUNGSGATAN;GOTEBORG;SEK;0.0;304.0
2025-07-27;2025-07-28;VASTTRAFIK TO GO;SKOVDE;SEK;0.0;74.0
2025-07-27;2025-07-29;W*MMSPORTS.SE;ASKIM;SEK;0.0;1198.0
2025-07-26;2025-07-28;7-ELEVEN 4116150;GOETEBORG;SEK;0.0;30.0
2025-07-26;2025-07-28;BEAUTY STYLE VA;GOTEBORG;SEK;0.0;640.0
2025-07-26;2025-07-28;GOTEBORG CITY MAT &;GOTEBORG;SEK;0.0;236.0
2025-07-26;2025-07-28;SJ.SE;STOCKHOLM;SEK;0.0;1025.0
2025-07-26;2025-07-28;UBR* PENDING.UBER.COM;AMSTERDAM;SEK;0.0;103.0
2025-07-26;2025-07-28;VACKER NK GÖTEB;GOTEBORG;SEK;0.0;967.0
2025-07-25;2025-07-28;CLAS OHLSON;GOTEBORG;SEK;0.0;279.7
2025-07-25;2025-07-28;WILLYS GOTEBORG HVIT;GOTEBORG;SEK;0.0;87.7
2025-07-24;2025-07-25;KRABBESK{RS FISK;ASKIM;SEK;0.0;528.0
2025-07-24;2025-07-25;STORA COOP SISJÖN;ASKIM;SEK;0.0;363.5
2025-07-24;2025-07-25;SYSTEMBOLAGET;ASKIM;SEK;0.0;460.0
2025-07-24;2025-07-25;WILLYS GOTEBORG HVIT;GOTEBORG;SEK;0.0;260.66
2025-07-23;2025-07-24;BENNE PASTA MOLNDAL;MOLNDAL;SEK;0.0;200.0
2025-07-23;2025-07-24;WILLYS GOTEBORG HVIT;GOTEBORG;SEK;0.0;83.8
2025-07-23;2025-07-24;WILLYS GOTEBORG HVIT;GOTEBORG;SEK;0.0;154.0
2025-07-21;2025-07-22;MAXI ICA STORMARKNAD M;MELLBYSTRAND;SEK;0.0;510.17
2025-07-21;2025-07-22;SNUSBOLAGET.SE;HANINGE;SEK;0.0;1349.1
2025-07-20;2025-07-21;BASTAD HAMNRESTAURAN;BASTAD;SEK;0.0;609.0
2025-07-20;2025-07-21;FOODTRUCK GELATO TERMI;ANGELHOLM;SEK;0.0;177.0
2025-07-20;2025-07-21;PARKSTER SWE;LUND;SEK;0.0;70.0
2025-07-19;2025-07-21;APOTEK HJARTAT ICA MAX;MELLBYSTRAND;SEK;0.0;369.9
2025-07-19;2025-07-21;NORRVIKEN;BASTAD;SEK;0.0;825.0
2025-07-19;2025-07-21;PARKSTER SWE;LUND;SEK;0.0;42.0
2025-07-19;2025-07-21;TOPEJA BJÄRE AB;BAASTAD;SEK;0.0;874.65
2025-07-18;2025-07-18;APPLE.COM/SE;077-140-04-84;SEK;0.0;999.0
2025-07-18;2025-07-21;MAXI ICA STORMARKNAD M;MELLBYSTRAND;SEK;0.0;344.43
2025-07-18;2025-07-21;PARKSTER SWE;LUND;SEK;0.0;48.0
2025-07-18;2025-07-21;ROGER NILSSON STAVERSH;VAXTORP;SEK;0.0;120.0
2025-07-18;2025-07-18;SPOTIFY P38B05FAE7;STOCKHOLM;SEK;0.0;119.0
2025-07-17;2025-07-18;GOTO HUB AB;HELSINGBORG;SEK;0.0;1170.0
2025-07-17;2025-07-18;MAXI ICA STORMARKNAD M;MELLBYSTRAND;SEK;0.0;128.7
2025-07-17;2025-07-18;MAXI ICA STORMARKNAD M;MELLBYSTRAND;SEK;0.0;363.66
2025-07-16;2025-07-16;NETFLIX.COM;020790637;SEK;0.0;199.0
2025-07-15;2025-07-17;AURORA;HELSINGBORG;SEK;0.0;179.0
2025-07-15;2025-07-17;AURORA;HELSINGBORG;SEK;0.0;192.0
2025-07-15;2025-07-17;AURORA;HELSINGBORG;SEK;0.0;204.0
2025-07-15;2025-07-17;AXELHUS BODEGA;HELSINGOR;DKK;212.0;326.41
2025-07-15;2025-07-16;COOP KVICKLY PROEVESTE;HELSINGOER;DKK;99.4;153.04
2025-07-15;2025-07-16;FC HELSING@R;HELSINGOER;DKK;55.0;84.68
2025-07-15;2025-07-16;NORDSJALLANDS V;HELSINGOR;DKK;299.0;460.36
2025-07-15;2025-07-16;SCT OLAI VIN OG SPIRIT;HELSINGOR;DKK;295.0;454.2
2025-07-15;2025-07-16;TV4 PLAY;STOCKHOLM;SEK;0.0;299.0
2025-07-15;2025-07-16;V[RFTETS MADMAR;HELSINGOER;DKK;253.0;389.53
2025-07-13;2025-07-14;CIRCLE K VARBERG NORD;VARBERG;SEK;0.0;159.23
2025-07-13;2025-07-14;EASYPARK;EASYPARK.SE;SEK;0.0;60.0
2025-07-13;2025-07-14;KLARNA BONNIER-LOCAL;STOCKHOLM;SEK;0.0;149.0
2025-07-13;2025-07-14;STROMMA SWEDEN;STOCKHOLM;SEK;0.0;1080.0
2025-07-13;2025-07-14;WILLYS GOTEBORG HVIT;GOTEBORG;SEK;0.0;86.9
2025-07-12;2025-07-14;CLAS OHLSON;HISINGS BACKA;SEK;0.0;958.4
2025-07-12;2025-07-14;WILLYS GOTEBORG HVIT;GOTEBORG;SEK;0.0;123.6
2025-07-12;2025-07-14;WILLYS GOTEBORG HVIT;GOTEBORG;SEK;0.0;330.29
2025-07-12;2025-07-14;ZETTLE_*TVELINGEN AB;GOTEBORG;SEK;0.0;165.0
2025-07-11;2025-07-14;ALTHALLENSFARGTAPETERA;ASKIM;SEK;0.0;843.0
2025-07-11;2025-07-14;DA MATTEO - MAGASINSGA;GOETEBORG;SEK;0.0;644.0
2025-07-11;2025-07-14;FAMILJEN PAX;GOTEBORG;SEK;0.0;3409.35
2025-07-10;2025-07-10;HOLY GREENS AB;MALMOE;SEK;0.0;184.0
2025-07-10;2025-07-11;IKEA KALLERED HFB ECO;KALLERED;SEK;0.0;5448.0
2025-07-10;2025-07-11;PARKERING GÖTEB;GÖTEBORG;SEK;0.0;20.0
2025-07-10;2025-07-11;WILLYS GOTEBORG HVIT;GOTEBORG;SEK;0.0;297.46
2025-07-09;2025-07-10;FAMILJEN ORRMYR KUNGSP;GOTEBORG;SEK;0.0;529.2
2025-07-09;2025-07-10;SYSTEMBOLAGET;GOETEBORG;SEK;0.0;589.3
2025-07-08;2025-07-09;7-ELEVEN 4515158;GOETEBORG;SEK;0.0;88.0
2025-07-08;2025-07-09;CHICCA BELLONI;GOTEBORG;SEK;0.0;1243.0
2025-07-08;2025-07-08;HOLY GREENS AB;MALMOE;SEK;0.0;149.0
2025-07-08;2025-07-09;S O LARSSON;GOTEBORG;SEK;0.0;99.0
2025-07-08;2025-07-09;STYLE BARBERSHOP;GOTEBORG;SEK;0.0;389.0
2025-07-08;2025-07-09;SYSTEMBOLAGET;GOETEBORG;SEK;0.0;426.0
2025-07-08;2025-07-09;WEBHALLEN.COM;SOLNA;SEK;0.0;12990.0
2025-07-07;2025-07-07;7-ELEVEN 4116150;GOETEBORG;SEK;0.0;88.0
2025-07-07;2025-07-08;BGA.SE;GAVLE;SEK;0.0;409.8
2025-07-07;2025-07-08;IDROTTSREHAB;GA.TEBORG;SEK;0.0;200.0
2025-07-07;2025-07-08;WILLYS GOTEBORG HVIT;GOTEBORG;SEK;0.0;233.0
2025-07-06;2025-07-07;AMAZON PRIME;WWW.AMAZON.SE;SEK;0.0;69.0
2025-07-06;2025-07-07;JOE  THE JUICE NG AB;GOETEBORG;SEK;0.0;91.0
2025-07-05;2025-07-07;FOODORA AB;STOCKHOLM;SEK;0.0;652.0
2025-07-05;2025-07-14;W*ROYALDESIGN.SE;NYBRO;SEK;0.0;4668.0
2025-07-05;2025-07-07;WILLYS GOTEBORG HVIT;GOTEBORG;SEK;0.0;139.3
2025-07-05;2025-07-07;WILLYS GOTEBORG HVIT;GOTEBORG;SEK;0.0;284.1
2025-07-04;2025-07-07;COLLAGE;GOTEBORG;SEK;0.0;310.0
2025-07-04;2025-07-07;HARMONI DUMPLINGS;GOTEBORG;SEK;0.0;85.0
2025-07-03;2025-07-03;7-ELEVEN 4116150;GOETEBORG;SEK;0.0;67.0
2025-07-03;2025-07-04;HARMONI DUMPLINGS;GOTEBORG;SEK;0.0;85.0
2025-07-03;2025-07-04;VASTTRAFIKBLIPP;SKOVDE;SEK;0.0;74.0
2025-07-02;2025-07-03;7-ELEVEN KORSETTEN;GOETEBORG;SEK;0.0;52.0
2025-07-02;2025-07-03;AHLENS GOETEBORG KUNGS;GOETEBORG;SEK;0.0;59.0
2025-07-02;2025-07-03;APOTEK HJARTAT KUNGSGA;GOTEBORG;SEK;0.0;299.0
2025-07-02;2025-07-02;HOLY GREENS AB;MALMOE;SEK;0.0;172.0
2025-07-01;2025-07-02;BEETS;GOTEBORG;SEK;0.0;159.0
2025-07-01;2025-07-02;WILLYS GOTEBORG HVIT;GOTEBORG;SEK;0.0;152.0
2025-07-01;2025-07-02;WILLYS GOTEBORG HVIT;GOTEBORG;SEK;0.0;242.75
2025-06-30;2025-07-01;AHLENS GOETEBORG KUNGS;GOETEBORG;SEK;0.0;784.5
2025-06-30;2025-07-01;FOODORA AB;STOCKHOLM;SEK;0.0;353.0
2025-06-30;2025-07-01;KRONANS APOTEK AB;GOETEBORG;SEK;0.0;426.0
2025-06-30;2025-07-01;WILLYS GOTEBORG HVIT;GOTEBORG;SEK;0.0;458.6
2025-06-29;2025-06-30;OCHE GOETEBORG AB;OECKEROE;SEK;0.0;88.0
2025-06-29;2025-06-30;VASTTRAFIKBLIPP;SKOVDE;SEK;0.0;37.0
2025-06-28;2025-06-30;7-ELEVEN KUNGSPORTSAVE;GOETEBORG;SEK;0.0;93.0
2025-06-28;2025-06-30;HELP.MAX.COM;STOCKHOLM;SEK;0.0;64.5
2025-06-28;2025-06-30;MUGWORT S BBQ SHACK;GOTEBORG;SEK;0.0;238.0
2025-06-28;2025-06-30;PAINTBALLFABRIKEN;BILLDAL;SEK;0.0;285.0
2025-06-28;2025-06-30;VASTTRAFIK TO GO;SKOVDE;SEK;0.0;37.0
2025-06-28;2025-06-30;WILLYS GOTEBORG HVIT;GOTEBORG;SEK;0.0;403.07
2025-06-28;2025-06-30;ZAMENHOF;GOTEBORG;SEK;0.0;99.0
2025-06-27;2025-06-30;APOTEK HJARTAT KUNGSGA;GOTEBORG;SEK;0.0;105.0
2025-06-27;2025-06-27;JOE  THE JUICE NG AB;STOCKHOLM;SEK;0.0;139.0
2025-06-27;2025-06-30;MM SPORTS AB;GOTEBORG;SEK;0.0;79.0
2025-06-27;2025-06-30;NINTENDO CC1424311687;FRANKFURT AM;SEK;0.0;280.0
2025-06-26;2025-06-27;ARTILLERIET KITCHEN;GOETEBORG;SEK;0.0;310.0
2025-06-26;;BETALT BG DATUM 250626;;SEK;0.0;-51597.17
2025-06-26;2025-06-27;BOLT.EU/O/2506261652;TALLINN;SEK;0.0;67.0
2025-06-26;2025-06-27;BOLT.EU/O/2506262040;TALLINN;SEK;0.0;93.0
2025-06-26;2025-06-26;HOLY GREENS AB;MALMOE;SEK;0.0;149.0
2025-06-25;2025-06-26;AL BANCO PASTA;GOTEBORG;SEK;0.0;457.0
2025-06-25;2025-06-26;ALDARDO;GOTEBORG;SEK;0.0;145.0
2025-06-25;2025-06-26;WILLYS GOTEBORG HVIT;GOTEBORG;SEK;0.0;68.7
2025-06-24;2025-06-24;7-ELEVEN 4116150;GOETEBORG;SEK;0.0;49.0
2025-06-24;2025-06-25;AMAZONMKTPLC*668KT9DS5;WWW.AMAZON.SE;SEK;0.0;179.0
2025-06-24;2025-06-25;APOTEK HJARTAT KUNGSGA;GOTEBORG;SEK;0.0;55.0
2025-06-24;2025-06-24;SATS KOMPASSEN;GOETEBORG;SEK;0.0;28.0
2025-06-23;2025-06-23;7-ELEVEN 4116150;GOETEBORG;SEK;0.0;49.0
2025-06-23;2025-06-24;7-ELEVEN KORSETTEN;GOETEBORG;SEK;0.0;64.0
2025-06-23;2025-06-23;BOLT.EU/O/2506222147;TALLINN;SEK;0.0;62.0
2025-06-23;2025-06-23;STYR  STAELL;GOTHENBURG;SEK;0.0;290.0
2025-06-23;2025-06-24;WILLYS GOTEBORG HVIT;GOTEBORG;SEK;0.0;377.39
2025-06-22;2025-06-23;FOODORA AB;STOCKHOLM;SEK;0.0;243.0
2025-06-22;2025-06-23;FOODORA AB;STOCKHOLM;SEK;0.0;247.0
2025-06-22;2025-06-23;NEXTBIKESE;GOTHENBURG;SEK;0.0;10.0
2025-06-22;2025-06-23;SNUSBOLAGET.SE;HANINGE;SEK;0.0;2277.7
2025-06-22;2025-06-23;WILLYS GOTEBORG HVIT;GOTEBORG;SEK;0.0;474.71
2025-06-21;2025-06-23;WILLYS GOTEBORG HVIT;GOTEBORG;SEK;0.0;85.8
2025-06-21;2025-06-23;WILLYS GOTEBORG HVIT;GOTEBORG;SEK;0.0;113.6
2025-06-20;2025-06-23;7-ELEVEN 4515158;GOETEBORG;SEK;0.0;147.0
2025-06-19;2025-06-23;7-ELEVEN 4116150;GOETEBORG;SEK;0.0;93.0
2025-06-19;2025-06-19;JOE  THE JUICE NG AB;GOETEBORG;SEK;0.0;182.0
2025-06-19;2025-06-23;VALLGATAN 12 FA;GOTEBORG;SEK;0.0;320.0
2025-06-19;2025-06-23;WILLYS GOTEBORG HVIT;GOTEBORG;SEK;0.0;85.8
2025-06-19;2025-06-23;WILLYS GOTEBORG HVIT;GOTEBORG;SEK;0.0;359.89
2025-06-18;2025-06-19;GUMMAN ELVIRA;GOTEBORG;SEK;0.0;380.1
2025-06-18;2025-06-18;JOS HALSOCAFE AB;GOETEBORG;SEK;0.0;145.0
2025-06-18;2025-06-18;SPOTIFY P37C91DB39;STOCKHOLM;SEK;0.0;119.0
2025-06-18;2025-06-19;SYSTEMBOLAGET;GOETEBORG;SEK;0.0;835.2
2025-06-17;2025-06-17;7-ELEVEN 4116150;GOETEBORG;SEK;0.0;132.0
2025-06-17;2025-06-17;7-ELEVEN 4515158;GOETEBORG;SEK;0.0;52.0
2025-06-17;2025-06-18;HOLY GREENS AB;MALMOE;SEK;0.0;288.0
2025-06-17;2025-06-17;STYR  STAELL;GOTHENBURG;SEK;0.0;289.0
2025-06-16;2025-06-17;APOTEK HJARTAT KUNGSGA;GOTEBORG;SEK;0.0;90.9
2025-06-16;2025-06-16;HOLY GREENS AB;MALMOE;SEK;0.0;139.0
2025-06-16;2025-06-17;IDROTTSREHAB;GA.TEBORG;SEK;0.0;200.0
2025-06-16;2025-06-17;JINX DYNASTY;GOTEBORG;SEK;0.0;130.0
2025-06-16;2025-06-16;NETFLIX.COM;020790637;SEK;0.0;199.0
2025-06-16;2025-06-17;NEXTBIKESE;GOTHENBURG;SEK;0.0;1.0
2025-06-16;2025-06-17;NEXTBIKESE;GOTHENBURG;SEK;0.0;10.0
2025-06-16;2025-06-17;WILLYS GOTEBORG HVIT;GOTEBORG;SEK;0.0;280.87
2025-06-15;2025-06-16;TV4 PLAY;STOCKHOLM;SEK;0.0;299.0
2025-06-15;2025-06-16;WILLYS GOTEBORG HVIT;GOTEBORG;SEK;0.0;80.8
2025-06-15;2025-06-16;WILLYS GOTEBORG HVIT;GOTEBORG;SEK;0.0;269.1
2025-06-14;2025-06-16;FOODORA AB;STOCKHOLM;SEK;0.0;329.0
2025-06-14;2025-06-16;WILLYS GOTEBORG HVIT;GOTEBORG;SEK;0.0;151.83
2025-06-14;2025-06-16;WILLYS GOTEBORG HVIT;GOTEBORG;SEK;0.0;175.2
2025-06-14;2025-06-16;WILLYS GOTEBORG HVIT;GOTEBORG;SEK;0.0;242.61
2025-06-13;2025-06-13;7-ELEVEN 4116150;GOETEBORG;SEK;0.0;62.0
2025-06-13;2025-06-16;7-ELEVEN 4515158;GOETEBORG;SEK;0.0;101.0
2025-06-13;2025-06-16;BOLT.EU/O/2506131839;TALLINN;SEK;0.0;80.0
2025-06-13;2025-06-13;HOLY GREENS AB;MALMOE;SEK;0.0;184.0
2025-06-13;2025-06-13;KLARNA BONNIER-LOCAL;STOCKHOLM;SEK;0.0;149.0
2025-06-13;2025-06-16;ULLEVI KONFEREN;GOTEBORG;SEK;0.0;189.0
2025-06-12;2025-06-13;7-ELEVEN 4116150;GOETEBORG;SEK;0.0;49.0
2025-06-12;2025-06-13;7-ELEVEN 4215200;GOETEBORG;SEK;0.0;97.0
2025-06-12;2025-06-12;7-ELEVEN 4515158;GOETEBORG;SEK;0.0;34.0
2025-06-12;2025-06-13;BOLT.EU/O/2506122039;TALLINN;SEK;0.0;97.0
2025-06-11;2025-06-11;7-ELEVEN 4116150;GOETEBORG;SEK;0.0;34.0
2025-06-11;2025-06-12;FOODORA AB;STOCKHOLM;SEK;0.0;250.4
2025-06-11;2025-06-12;WILLYS GOTEBORG HVIT;GOTEBORG;SEK;0.0;567.38
2025-06-11;2025-06-12;ZETTLE_*POKE CORNER;GOTEBORG;SEK;0.0;146.0
2025-06-10;2025-06-10;BOLT.EU/O/2506092144;TALLINN;SEK;0.0;76.0
2025-06-10;2025-06-10;KITCHENS.SE;STOCKHOLM;SEK;0.0;3674.0
2025-06-10;2025-06-12;WILLYS GOTEBORG HVIT;GOTEBORG;SEK;0.0;123.7
2025-06-10;2025-06-12;WILLYS GOTEBORG HVIT;GOTEBORG;SEK;0.0;206.46
2025-06-09;2025-06-10;7-ELEVEN 4515158;GOETEBORG;SEK;0.0;52.0
2025-06-09;2025-06-10;KAJUTAN SALUHALLEN;GOTEBORG;SEK;0.0;555.0
2025-06-09;2025-06-10;WILLYS GOTEBORG HVIT;GOTEBORG;SEK;0.0;69.8
2025-06-09;2025-06-10;WILLYS GOTEBORG HVIT;GOTEBORG;SEK;0.0;282.0
2025-06-08;2025-06-09;7-ELEVEN 4116150;GOETEBORG;SEK;0.0;77.0
2025-06-08;2025-06-09;BLIGHTY FOOD CONNECTIO;VALLDA;SEK;0.0;432.0
2025-06-08;2025-06-09;FOODORA AB;STOCKHOLM;SEK;0.0;315.0
2025-06-08;2025-06-09;NK KOK & DESIGN GBG;GA.TEBORG;SEK;0.0;1600.0
2025-06-08;2025-06-09;SYSTRAR OVAS AB;GOTEBORG;SEK;0.0;250.0
2025-06-08;2025-06-09;VASTTRAFIK TO GO;SKOVDE;SEK;0.0;74.0
2025-06-08;2025-06-09;WILLYS GOTEBORG HVIT;GOTEBORG;SEK;0.0;428.4
2025-06-07;2025-06-09;IKEA SVENSKA FORSALJNI;ODAKRA-VALA;SEK;0.0;2694.0
2025-06-07;2025-06-09;KLARNA*APOTEA;INTERNET;SEK;0.0;321.0
2025-06-06;2025-06-09;7-ELEVEN 4116150;GOETEBORG;SEK;0.0;149.0
2025-06-06;2025-06-09;AMAZON PRIME;WWW.AMAZON.SE;SEK;0.0;69.0
2025-06-05;2025-06-05;7-ELEVEN 4116150;GOETEBORG;SEK;0.0;82.0
2025-06-05;2025-06-09;7-ELEVEN 4215200;GOETEBORG;SEK;0.0;49.0
2025-06-05;2025-06-09;NINTENDO CC1410760108;FRANKFURT AM;SEK;0.0;72.0
2025-06-05;2025-06-09;PASTOR - STORA SALUHAL;GOTEBORG;SEK;0.0;135.0
2025-06-05;2025-06-09;WILLYS GOTEBORG HVIT;GOTEBORG;SEK;0.0;42.9
2025-06-05;2025-06-09;WILLYS GOTEBORG HVIT;GOTEBORG;SEK;0.0;420.79
2025-06-04;2025-06-05;HASSELBACKEN;GOTEBORG;SEK;0.0;28.48
2025-06-04;2025-06-05;PHO KIM;GOTEBORG;SEK;0.0;116.1
2025-06-04;2025-06-05;S O LARSSON;GOTEBORG;SEK;0.0;99.0
2025-06-04;2025-06-09;UBR* PENDING.UBER.COM;AMSTERDAM;SEK;0.0;159.0
2025-06-03;2025-06-03;7-ELEVEN 4515158;GOETEBORG;SEK;0.0;52.0
2025-06-03;2025-06-03;7-ELEVEN 4515158;GOETEBORG;SEK;0.0;83.0
2025-06-03;2025-06-04;ARKET SE0702;GOETEBORG;SEK;0.0;149.0
2025-06-02;2025-06-02;7-ELEVEN 4116150;GOETEBORG;SEK;0.0;34.0
2025-06-02;2025-06-03;FOODORA AB;STOCKHOLM;SEK;0.0;437.0
2025-06-02;2025-06-03;HOLY GREENS AB;MALMOE;SEK;0.0;139.0
2025-06-02;2025-06-03;S O LARSSON;GOTEBORG;SEK;0.0;99.0
2025-06-02;2025-06-03;WILLYS GOTEBORG HVIT;GOTEBORG;SEK;0.0;30.8
2025-06-01;2025-06-02;7-ELEVEN 4116150;GOETEBORG;SEK;0.0;52.0
2025-06-01;2025-06-02;7-ELEVEN 4116150;GOETEBORG;SEK;0.0;61.0
2025-06-01;2025-06-02;UBR* PENDING.UBER.COM;AMSTERDAM;SEK;0.0;120.0
2025-06-01;2025-06-02;WILLYS GOTEBORG HVIT;GOTEBORG;SEK;0.0;259.2
2025-06-01;2025-06-02;ZETTLE_*VILLA ODINSLUN;GOTEBORG;SEK;0.0;105.0
2025-05-31;2025-06-02;BEETS SALADS BAR;GOTEBORG;SEK;0.0;318.0
2025-05-31;2025-06-02;BOLT.EU/O/2505311117;TALLINN;SEK;0.0;92.0
2025-05-31;2025-06-02;ZETTLE_*VILLA ODINSLUN;GOTEBORG;SEK;0.0;80.0
2025-05-31;2025-06-02;ZETTLE_*VILLA ODINSLUN;GOTEBORG;SEK;0.0;140.0
2025-05-31;2025-06-02;ZETTLE_*VILLA ODINSLUN;GOTEBORG;SEK;0.0;900.0
2025-05-30;2025-05-30;7-ELEVEN 4116150;GOETEBORG;SEK;0.0;83.0
2025-05-30;2025-05-30;7-ELEVEN 4515158;GOETEBORG;SEK;0.0;52.0
2025-05-30;2025-06-02;AKADEMIBOKHANDE;GÖTEBORG;SEK;0.0;118.0
2025-05-30;2025-06-02;APOTEKET KUNGSGATAN;GOETEBORG;SEK;0.0;19.9
2025-05-30;2025-06-02;BEETS SALADS BAR;GOTEBORG;SEK;0.0;180.0
2025-05-30;2025-06-02;BOLT.EU/O/2505301546;TALLINN;SEK;0.0;74.0
2025-05-30;2025-06-02;MR SHOU KUNGSTORGET;GOTEBORG;SEK;0.0;135.0
2025-05-30;2025-06-02;NK LINGERIE GBG;GA.TEBORG;SEK;0.0;2651.0
2025-05-30;2025-06-02;VALLGATAN 12 FA;GOTEBORG;SEK;0.0;5499.0
2025-05-30;2025-06-02;WIDING O STOLLMAN;GOTEBORG;SEK;0.0;899.0
2025-05-29;2025-05-30;7-ELEVEN 4215200;GOETEBORG;SEK;0.0;68.0
2025-05-29;2025-05-30;BOLT.EU/O/2505282333;TALLINN;SEK;0.0;58.0
2025-05-29;2025-05-30;KARMA;STOCKHOLM;SEK;0.0;189.0
2025-05-29;2025-05-30;KARMA;STOCKHOLM;SEK;0.0;255.0
2025-05-29;2025-05-30;KICKS 814 KUNGSG, GO;GOTEBORG;SEK;0.0;491.25
2025-05-29;2025-05-30;STORKÖKET I GÖT;GOTEBORG;SEK;0.0;79.0
2025-05-29;2025-05-30;STORKÖKET I GÖT;GOTEBORG;SEK;0.0;98.0
2025-05-28;2025-05-28;7-ELEVEN 4215200;GOETEBORG;SEK;0.0;49.0
2025-05-28;2025-05-28;7-ELEVEN 4515158;GOETEBORG;SEK;0.0;86.0
2025-05-28;2025-05-30;BOLT.EU/O/2505281729;TALLINN;SEK;0.0;68.0
2025-05-28;2025-05-30;HELP.MAX.COM;STOCKHOLM;SEK;0.0;64.5
2025-05-28;2025-05-30;REMANNS HOGTIDSKLADE;GOTEBORG;SEK;0.0;950.0
2025-05-28;2025-05-30;STYLE BARBERSHOP;GOTEBORG;SEK;0.0;659.0
2025-05-28;2025-05-30;SYSTEMBOLAGET;GOETEBORG;SEK;0.0;258.0
2025-05-27;2025-05-28;HOLY GREENS AB;MALMOE;SEK;0.0;139.0
2025-05-27;2025-05-28;TWILFIT AB;GOTEBORG;SEK;0.0;299.95
2025-05-26;2025-05-26;7-ELEVEN 4116150;GOETEBORG;SEK;0.0;34.0
2025-05-26;;BETALT BG DATUM 250526;;SEK;0.0;-63268.29
2025-05-26;2025-05-27;GOTEBORGSVARVET;GOTEBORG;SEK;0.0;1398.0
2025-05-26;2025-05-27;HARMONI DUMPLINGS;GOTEBORG;SEK;0.0;85.0
2025-05-26;2025-05-27;JINX DYNASTY;GOTEBORG;SEK;0.0;130.0
2025-05-26;2025-05-27;WILLYS GOTEBORG HVIT;GOTEBORG;SEK;0.0;260.5
2025-05-25;2025-05-26;7-ELEVEN 4515158;GOETEBORG;SEK;0.0;52.0
2025-05-25;2025-05-26;AHLENS GOETEBORG KUNGS;GOETEBORG;SEK;0.0;390.0
2025-05-25;2025-05-26;BRASSERIE ISABELLE;GOTEBORG;SEK;0.0;897.75
2025-05-25;2025-05-26;UNLMTED W/DR JOE DISPE;RAINIER;USD;31.25;309.59
2025-05-25;2025-05-26;WILLYS GOTEBORG HVIT;GOTEBORG;SEK;0.0;177.9
2025-05-25;2025-05-26;WILLYS GOTEBORG HVIT;GOTEBORG;SEK;0.0;378.85
2025-05-24;2025-05-26;BELLE CELINE AB;GOTEBORG;SEK;0.0;4598.0
2025-05-24;2025-05-26;BOLT.EU/O/2505232315;TALLINN;SEK;0.0;96.0
2025-05-24;2025-05-26;GOTEBORG CITY MAT &;GOTEBORG;SEK;0.0;150.0
2025-05-24;2025-05-26;HOLY GREENS AB;MALMOE;SEK;0.0;172.0
2025-05-24;2025-05-26;KARAOKE-VERSION;LILLE;EUR;1.99;22.16
2025-05-24;2025-05-26;NONNA;GOTEBORG;SEK;0.0;1366.05
2025-05-24;2025-05-27;W*MMSPORTS.SE;ASKIM;SEK;0.0;956.0
2025-05-23;2025-05-23;7-ELEVEN 4116150;GOETEBORG;SEK;0.0;34.0
2025-05-23;2025-05-23;7-ELEVEN 4515158;GOETEBORG;SEK;0.0;52.0
2025-05-23;2025-05-26;BOLT.EU/O/2505231921;TALLINN;SEK;0.0;60.0
2025-05-23;2025-05-26;LOOMISP*SUNSET FALAFEL;GOTEBORG;SEK;0.0;75.0
2025-05-23;2025-05-26;MM SPORTS AB;GOTEBORG;SEK;0.0;239.0
2025-05-23;2025-05-26;S O LARSSON;GOTEBORG;SEK;0.0;99.0
2025-05-22;2025-05-22;7-ELEVEN 4116150;GOETEBORG;SEK;0.0;34.0
2025-05-22;2025-05-23;7-ELEVEN 4215200;GOETEBORG;SEK;0.0;61.0
2025-05-22;2025-05-23;BUN GBG;GOTEBORG;SEK;0.0;119.0
2025-05-22;2025-05-23;FOODORA AB;STOCKHOLM;SEK;0.0;141.0
2025-05-22;2025-05-23;GOTEBORG CITY MAT &;GOTEBORG;SEK;0.0;91.0
2025-05-22;2025-05-23;GOTEBORG CITY MAT &;GOTEBORG;SEK;0.0;310.0
2025-05-22;2025-05-23;VASTTRAFIK TO GO;SKOVDE;SEK;0.0;7.0
2025-05-21;2025-05-21;7-ELEVEN 4116150;GOETEBORG;SEK;0.0;55.0
2025-05-21;2025-05-22;JINX DYNASTY;GOTEBORG;SEK;0.0;130.0
2025-05-21;2025-05-22;PASTOR - STORA SALUHAL;GOTEBORG;SEK;0.0;125.0
2025-05-21;2025-05-22;STATION LINNE 1;GOTEBORG;SEK;0.0;105.0
2025-05-21;2025-05-22;STATION LINNE 1;GOTEBORG;SEK;0.0;295.0
2025-05-21;2025-05-22;VASTTRAFIK TO GO;SKOVDE;SEK;0.0;37.0
2025-05-20;2025-05-20;7-ELEVEN 4116150;GOETEBORG;SEK;0.0;34.0
2025-05-20;2025-05-21;CLARION HOTEL POST;GOETEBORG;SEK;0.0;290.0
2025-05-20;2025-05-21;HOLY GREENS AB;MALMOE;SEK;0.0;139.0
2025-05-20;2025-05-21;WILLYS GOTEBORG HVIT;GOTEBORG;SEK;0.0;316.99
2025-05-19;2025-05-19;7-ELEVEN 4116150;GOETEBORG;SEK;0.0;34.0
2025-05-19;2025-05-20;DELI OCH COFFEE;GOTEBORG;SEK;0.0;145.0
2025-05-18;2025-05-19;BOLT.EU/O/2505172303;TALLINN;SEK;0.0;152.0
2025-05-18;2025-05-19;SPOTIFY P36E5D2F1D;STOCKHOLM;SEK;0.0;119.0
2025-05-18;2025-05-19;TIPTAPP.CO* TIPTAPP.CO;GOTEBORG;SEK;0.0;789.0
2025-05-18;2025-05-19;WILLYS GOTEBORG HVIT;GOTEBORG;SEK;0.0;185.93
2025-05-17;2025-05-19;7-ELEVEN 4215200;GOETEBORG;SEK;0.0;28.0
2025-05-17;2025-05-19;7-ELEVEN KORSETTEN;GOETEBORG;SEK;0.0;74.0
2025-05-17;2025-05-19;APPLE.COM/BILL;ITUNES.COM;SEK;0.0;40.0
2025-05-17;2025-05-19;DA MATTEO - MAGASINSGA;GOETEBORG;SEK;0.0;209.0
2025-05-17;2025-05-19;INDISKA HORNET;GOTEBORG;SEK;0.0;750.0
2025-05-17;2025-05-19;JOEANDTHEJUICE;GATEBORG;SEK;0.0;199.0
2025-05-17;2025-05-19;NK BEAUTY GBG;GA.TEBORG;SEK;0.0;460.0
2025-05-17;2025-05-19;VALLGATAN 12 FA;GOTEBORG;SEK;0.0;750.0
2025-05-17;2025-05-19;WILLYS GOTEBORG HVIT;GOTEBORG;SEK;0.0;61.58
2025-05-17;2025-05-19;ZETTLE_*SNEAKY STEVE;GOTEBORG;SEK;0.0;1189.3
2025-05-16;2025-05-16;7-ELEVEN 4116150;GOETEBORG;SEK;0.0;34.0
2025-05-16;2025-05-19;BARABICU;GOTEBORG;SEK;0.0;1683.0
2025-05-16;2025-05-19;BIOPALATSET GOT;GOTEBORG;SEK;0.0;46.0
2025-05-16;2025-05-19;FESKEKOERKAN;GOTEBORG;SEK;0.0;85.0
2025-05-16;2025-05-19;FESKEKOERKAN;GOTEBORG;SEK;0.0;105.0
2025-05-16;2025-05-19;FESKEKOERKAN;GOTEBORG;SEK;0.0;210.0
2025-05-16;2025-05-19;FILMSTADEN AB;STOCKHOLM;SEK;0.0;537.0
2025-05-16;2025-05-19;KAJUTAN SALUHALLEN;GOTEBORG;SEK;0.0;72.0
2025-05-16;2025-05-16;NETFLIX.COM;AMSTERDAM;SEK;0.0;199.0
2025-05-16;2025-05-19;WILLYS GOTEBORG HVIT;GOTEBORG;SEK;0.0;78.48
2025-05-15;2025-05-15;7-ELEVEN 4116150;GOETEBORG;SEK;0.0;34.0
2025-05-15;2025-05-16;ALDARDO;GOTEBORG;SEK;0.0;290.0
2025-05-15;2025-05-16;TV4 PLAY;STOCKHOLM;SEK;0.0;299.0
2025-05-15;2025-05-16;UBR* PENDING.UBER.COM;AMSTERDAM;SEK;0.0;105.0
2025-05-15;2025-05-16;VASTTRAFIK TO GO;SKOVDE;SEK;0.0;37.0
2025-05-15;2025-05-16;WILLYS GOTEBORG HVIT;GOTEBORG;SEK;0.0;66.71
2025-05-14;2025-05-14;7-ELEVEN KUNGSPORTSAVE;GOETEBORG;SEK;0.0;34.0
2025-05-14;2025-05-15;BEETS;GOTEBORG;SEK;0.0;149.0
2025-05-14;2025-05-15;POTTAN - GÖTEBO;GOTEBORG;SEK;0.0;10.0
2025-05-14;2025-05-15;PRESSBYRAN 4250150;STOCKHOLM;SEK;0.0;95.3
2025-05-13;2025-05-14;HOLY GREENS AB;MALMOE;SEK;0.0;139.0
2025-05-13;2025-05-13;KLARNA BONNIER-LOCAL;STOCKHOLM;SEK;0.0;25.0
2025-05-13;2025-05-14;PRESSBYRAN GBG CSTN;GOETEBORG;SEK;0.0;91.93
2025-05-12;2025-05-12;7-ELEVEN 4116150;GOETEBORG;SEK;0.0;61.0
2025-05-12;2025-05-13;7-ELEVEN KORSETTEN;GOETEBORG;SEK;0.0;100.0
2025-05-12;2025-05-13;APOTEK HJARTAT KUNGSGA;GOTEBORG;SEK;0.0;137.5
2025-05-12;2025-05-13;EDO SUSHI I GOTEBORG A;GOTEBORG;SEK;0.0;99.0
2025-05-12;2025-05-13;S O LARSSON;GOTEBORG;SEK;0.0;99.0
2025-05-11;2025-05-12;BOLT.EU/O/2505102308;TALLINN;SEK;0.0;140.0
2025-05-11;2025-05-12;STIGBERGET RESTAURANGE;GOETEBORG;SEK;0.0;234.0
2025-05-11;2025-05-12;WILLYS GOTEBORG HVIT;GOTEBORG;SEK;0.0;305.1
2025-05-10;2025-05-12;BAR CENTRO;GOTEBORG;SEK;0.0;180.0
2025-05-10;2025-05-12;BOLT.EU/O/2505101640;TALLINN;SEK;0.0;67.0
2025-05-10;2025-05-12;STIGBERGET RESTAURANGE;GOETEBORG;SEK;0.0;177.0
2025-05-10;2025-05-12;STIGBERGET RESTAURANGE;GOETEBORG;SEK;0.0;178.5
2025-05-10;2025-05-12;STIGBERGET RESTAURANGE;GOETEBORG;SEK;0.0;1618.05
2025-05-10;2025-05-12;STORKÖKET I GÖT;GOTEBORG;SEK;0.0;208.0
2025-05-10;2025-05-12;STORKÖKET I GÖT;GOTEBORG;SEK;0.0;365.0
2025-05-10;2025-05-12;WILLYS GOTEBORG HVIT;GOTEBORG;SEK;0.0;8.9
2025-05-10;2025-05-12;WILLYS GOTEBORG HVIT;GOTEBORG;SEK;0.0;88.67
2025-05-10;2025-05-12;WILLYS GOTEBORG HVIT;GOTEBORG;SEK;0.0;101.67
2025-05-09;2025-05-09;7-ELEVEN 4116150;GOETEBORG;SEK;0.0;34.0
2025-05-09;2025-05-12;7-ELEVEN 4215200;GOETEBORG;SEK;0.0;66.0
2025-05-09;2025-05-12;S O LARSSON;GOTEBORG;SEK;0.0;99.0
2025-05-08;2025-05-08;7-ELEVEN 4116150;GOETEBORG;SEK;0.0;34.0
2025-05-08;2025-05-09;7-ELEVEN 4116150;GOETEBORG;SEK;0.0;63.0
2025-05-08;2025-05-09;ALDARDO;GOTEBORG;SEK;0.0;145.0
2025-05-08;2025-05-09;FAMILJEN ORRMYR KUNGSP;GOTEBORG;SEK;0.0;330.0
2025-05-08;2025-05-09;FOODORA AB;STOCKHOLM;SEK;0.0;126.0
2025-05-07;2025-05-08;7-ELEVEN 4116150;GOETEBORG;SEK;0.0;98.0
2025-05-07;2025-05-09;BAMBA;GOTEBORG;SEK;0.0;330.0
2025-05-07;2025-05-12;BSH HOME APPLIANCES AB;SUNDBYBERG;SEK;0.0;3807.0
2025-05-07;2025-05-09;O/O BAR;GOTEBORG;SEK;0.0;95.0
2025-05-07;2025-05-09;VASTTRAFIK TO GO;SKOVDE;SEK;0.0;37.0
2025-05-06;2025-05-06;HOLY GREENS AB;MALMOE;SEK;0.0;184.0
2025-05-06;2025-05-07;WILLYS GOTEBORG HVIT;GOTEBORG;SEK;0.0;472.06
2025-05-05;2025-05-06;DELI OCH COFFEE;GOTEBORG;SEK;0.0;160.0
2025-05-04;2025-05-05;MM SPORTS AB;GOTEBORG;SEK;0.0;498.0
2025-05-04;2025-05-05;WILLYS GOTEBORG HVIT;GOTEBORG;SEK;0.0;320.7
2025-05-03;2025-05-05;7-ELEVEN 4515158;GOETEBORG;SEK;0.0;64.9
2025-05-03;2025-05-05;BEETS SALADS BAR;GOTEBORG;SEK;0.0;468.0
2025-05-03;2025-05-05;REMANNS HOGTIDSKLADE;GOTEBORG;SEK;0.0;1300.0
2025-05-02;2025-05-02;7-ELEVEN 4515158;GOETEBORG;SEK;0.0;34.0
2025-05-02;2025-05-05;BEETS SALADS BAR;GOTEBORG;SEK;0.0;149.0
2025-05-02;2025-05-05;DELI OCH COFFEE;GOTEBORG;SEK;0.0;130.0
2025-05-02;2025-05-05;WILLYS GOTEBORG HVIT;GOTEBORG;SEK;0.0;98.6
2025-05-01;2025-05-02;7-ELEVEN 4116150;GOETEBORG;SEK;0.0;109.0
2025-05-01;2025-05-02;APPLE.COM/BILL;020100529;SEK;0.0;99.0
2025-05-01;2025-05-02;KLARNA*BESLAGONLINE.;BASTAD;SEK;0.0;7164.0
2025-05-01;2025-05-02;MATSAL STORGATA;KUNGSBACKA;SEK;0.0;480.0
2025-05-01;2025-05-02;STORSTUGAN;FJARAS;SEK;0.0;430.0
2025-05-01;2025-05-02;UBR* PENDING.UBER.COM;AMSTERDAM;SEK;0.0;95.0
2025-04-30;2025-04-30;7-ELEVEN 4515158;GOETEBORG;SEK;0.0;55.0
2025-04-30;2025-05-02;LOOMISP*LATERIAN GOTEB;GOTEBORG;SEK;0.0;79.0
2025-04-30;2025-05-02;S O LARSSON;GOTEBORG;SEK;0.0;89.0
2025-04-30;2025-05-02;SE0234;GOETEBORG;SEK;0.0;567.0
2025-04-30;2025-05-02;STYLE BARBERSHOP;GOTEBORG;SEK;0.0;389.0
2025-04-30;2025-05-02;SYSTEMBOLAGET;GOETEBORG;SEK;0.0;143.3
2025-04-30;2025-05-02;UBR* PENDING.UBER.COM;AMSTERDAM;SEK;0.0;160.0
2025-04-29;2025-04-30;7-ELEVEN 4215200;GOETEBORG;SEK;0.0;86.0
2025-04-29;2025-04-29;7-ELEVEN 4515158;GOETEBORG;SEK;0.0;27.0
2025-04-29;2025-05-02;BARABICU;GOTEBORG;SEK;0.0;489.5
2025-04-29;2025-04-30;HOLY GREENS AB;MALMOE;SEK;0.0;273.0
2025-04-29;2025-04-30;TWILFIT AB;GOTEBORG;SEK;0.0;685.92
2025-04-28;;BETALT BG DATUM 250428;;SEK;0.0;-44346.59
2025-04-28;2025-04-29;HELP.MAX.COM;STOCKHOLM;SEK;0.0;64.5
2025-04-28;2025-04-29;JINX DYNASTY;GOTEBORG;SEK;0.0;130.0
2025-04-28;2025-04-29;WILLYS GOTEBORG HVIT;GOTEBORG;SEK;0.0;64.7
2025-04-27;2025-04-28;7-ELEVEN 4515158;GOETEBORG;SEK;0.0;49.0
2025-04-27;2025-04-28;BAR CENTRO;GOTEBORG;SEK;0.0;81.0
2025-04-27;2025-04-28;DUBBEL DUBBEL SURBRUNN;GOTEBORG;SEK;0.0;550.0
2025-04-27;2025-04-28;Q*HTTPS://WWW.DAMMS;UPPSALA;SEK;0.0;148.0
2025-04-27;2025-04-28;VACKER NK GÖTEB;GOTEBORG;SEK;0.0;1048.0
2025-04-27;2025-04-28;VASTTRAFIK TO GO;SKOVDE;SEK;0.0;66.0
2025-04-27;2025-04-28;VASTTRAFIK TO GO;SKOVDE;SEK;0.0;74.0
2025-04-26;2025-04-28;FOODORA AB;STOCKHOLM;SEK;0.0;362.0
2025-04-26;2025-04-28;WILLYS GOTEBORG HVIT;GOTEBORG;SEK;0.0;431.32
2025-04-25;2025-04-28;MM SPORTS AB;GOTEBORG;SEK;0.0;249.0
2025-04-25;2025-04-28;S O LARSSON;GOTEBORG;SEK;0.0;109.0
2025-04-24;2025-04-25;S O LARSSON;GOTEBORG;SEK;0.0;109.0
2025-04-23;2025-04-24;PASTOR - STORA SALUHAL;GOTEBORG;SEK;0.0;125.0
2025-04-23;2025-04-24;S O LARSSON;GOTEBORG;SEK;0.0;89.0
2025-04-22;2025-04-23;ADOORE;STOCKHOLM;SEK;0.0;1595.0
2025-04-22;2025-04-23;HOLY GREENS AB;MALMOE;SEK;0.0;149.0
2025-04-22;2025-04-23;WILLYS GOTEBORG HVIT;GOTEBORG;SEK;0.0;233.1
2025-04-21;2025-04-22;CLAS OHLSON;GOTEBORG;SEK;0.0;159.0
2025-04-21;2025-04-22;MM SPORTS AB;GOTEBORG;SEK;0.0;79.0
2025-04-21;2025-04-22;PARKERING GÖTEB;GÖTEBORG;SEK;0.0;438.0
2025-04-21;2025-04-22;WILLYS GOTEBORG HVIT;GOTEBORG;SEK;0.0;258.1
2025-04-20;2025-04-22;PARKERING GÖTEB;GÖTEBORG;SEK;0.0;9.0
2025-04-20;2025-04-22;PARKERING GÖTEB;GÖTEBORG;SEK;0.0;19.0
2025-04-20;2025-04-22;PARKERING GÖTEB;GÖTEBORG;SEK;0.0;20.0
2025-04-20;2025-04-22;RESTORIA AB - DINNER;GOTEBORG;SEK;0.0;4840.0
2025-04-19;2025-04-22;7-ELEVEN 4515158;GOETEBORG;SEK;0.0;180.0
2025-04-19;2025-04-22;SYSTEMBOLAGET;GOETEBORG;SEK;0.0;1051.0
2025-04-19;2025-04-22;UBR* PENDING.UBER.COM;AMSTERDAM;SEK;0.0;85.0
2025-04-19;2025-04-22;UBR* PENDING.UBER.COM;AMSTERDAM;SEK;0.0;92.0
2025-04-18;2025-04-22;BJELIN SWEDEN AB;VIKEN;SEK;0.0;15124.1
2025-04-18;2025-04-22;JOE  THE JUICE NG AB;GOETEBORG;SEK;0.0;92.0
2025-04-18;2025-04-22;SPOTIFY P35F737674;STOCKHOLM;SEK;0.0;119.0
2025-04-18;2025-04-22;WILLYS GOTEBORG HVIT;GOTEBORG;SEK;0.0;565.5
2025-04-17;2025-04-17;7-ELEVEN 4116150;GOETEBORG;SEK;0.0;34.0
2025-04-16;2025-04-16;7-ELEVEN 4515158;GOETEBORG;SEK;0.0;51.0
2025-04-16;2025-04-17;JINX DYNASTY;GOTEBORG;SEK;0.0;130.0
2025-04-16;2025-04-16;NETFLIX.COM;AMSTERDAM;SEK;0.0;199.0
2025-04-16;2025-04-17;WILLYS GOTEBORG HVIT;GOTEBORG;SEK;0.0;146.18
2025-04-15;2025-04-15;7-ELEVEN 4116150;GOETEBORG;SEK;0.0;44.0
2025-04-15;2025-04-16;LOOMISP*CAFE KVARNPIRE;GOTEBORG;SEK;0.0;34.0
2025-04-15;2025-04-16;LOOMISP*CAFE KVARNPIRE;GOTEBORG;SEK;0.0;37.0
2025-04-15;2025-04-15;SALUHALLEN WRAPSODY;GOETEBORG;SEK;0.0;180.0
2025-04-15;2025-04-16;TV4 PLAY;STOCKHOLM;SEK;0.0;299.0
2025-04-14;2025-04-15;BEETS;GOTEBORG;SEK;0.0;290.0
2025-04-14;2025-04-15;KD APOTEK;GOTEBORG;SEK;0.0;686.4
2025-04-13;2025-04-14;KLARNA BONNIER-LOCAL;STOCKHOLM;SEK;0.0;25.0
2025-04-13;2025-04-14;KLARNA*SNUSBOLAGET.S;HANINGE;SEK;0.0;2183.9
2025-04-13;2025-04-14;KLARNA*VITVARUEXPERT;INTERNET;SEK;0.0;10929.0
2025-04-12;2025-04-14;UBR* PENDING.UBER.COM;AMSTERDAM;SEK;0.0;94.0
2025-04-12;2025-04-14;WILLYS GOTEBORG HVIT;GOTEBORG;SEK;0.0;271.57
2025-04-11;2025-04-11;7-ELEVEN 4515158;GOETEBORG;SEK;0.0;34.0
2025-04-11;2025-04-14;S O LARSSON;GOTEBORG;SEK;0.0;89.0
2025-04-11;2025-04-14;SYSTEMBOLAGET;GOETEBORG;SEK;0.0;99.0
2025-04-11;2025-04-14;WILLYS GOTEBORG HVIT;GOTEBORG;SEK;0.0;87.57
2025-04-11;2025-04-14;WILLYS GOTEBORG HVIT;GOTEBORG;SEK;0.0;259.78
2025-04-10;2025-04-10;JOS HALSOCAFE AB;GOETEBORG;SEK;0.0;135.0
2025-04-09;2025-04-09;7-ELEVEN 4515158;GOETEBORG;SEK;0.0;34.0
2025-04-09;2025-04-10;S O LARSSON;GOTEBORG;SEK;0.0;104.0
2025-04-08;2025-04-09;AKADEMIBOKHANDE;GÖTEBORG;SEK;0.0;199.0
2025-04-08;2025-04-09;VASTTRAFIK TO GO;SKOVDE;SEK;0.0;37.0
2025-04-06;2025-04-07;CHIMI NK GOETEBORG;GOETEBORG;SEK;0.0;1400.0
2025-04-06;2025-04-07;UBR* PENDING.UBER.COM;AMSTERDAM;SEK;0.0;95.0
2025-04-06;2025-04-08;W*MMSPORTS.SE;ASKIM;SEK;0.0;899.0
2025-04-05;2025-04-07;APOTEKET KORSVAEGEN;GOETEBORG;SEK;0.0;110.8
2025-04-05;2025-04-07;ELGIGANTEN.SE;KISTAD;SEK;0.0;7490.0
2025-04-05;2025-04-07;NK BEAUTY GBG;GA.TEBORG;SEK;0.0;1315.0
2025-04-05;2025-04-07;NK KIDS & TEENS GBG;GA.TEBORG;SEK;0.0;39.0
2025-04-05;2025-04-07;NK KIDS & TEENS GBG;GA.TEBORG;SEK;0.0;328.0
2025-04-05;2025-04-07;UNHCR;DEN HAAG;SEK;0.0;10.0
2025-04-05;2025-04-07;UNIQLO GOTHENBURG;GOTHENBURG;SEK;0.0;1450.0
2025-04-05;2025-04-07;VASTTRAFIK TO GO;SKOVDE;SEK;0.0;74.0
2025-04-05;2025-04-07;WILLYS GOTEBORG HVIT;GOTEBORG;SEK;0.0;308.4
2025-04-05;2025-04-07;WILLYS GOTEBORG HVIT;GOTEBORG;SEK;0.0;318.83
2025-04-05;2025-04-07;ZETTLE_*BLIGHTY FOOD C;GOTEBORG;SEK;0.0;124.0
2025-04-04;2025-04-07;ARKET SE0702;GOETEBORG;SEK;0.0;149.0
2025-04-04;2025-04-07;KD APOTEK;GOTEBORG;SEK;0.0;326.0
2025-04-03;2025-04-04;BEETS SALADS BAR;GOTEBORG;SEK;0.0;149.0
2025-04-03;2025-04-03;JOE  THE JUICE NG AB;GOETEBORG;SEK;0.0;182.0
2025-04-03;2025-04-04;LIDL 329 GBG KUNGSGATA;GÖTEBORG;SEK;0.0;166.4
2025-04-02;2025-04-03;DELI OCH COFFEE;GOTEBORG;SEK;0.0;150.0
2025-04-02;2025-04-03;WILLYS GOTEBORG HVIT;GOTEBORG;SEK;0.0;346.82
2025-04-01;2025-04-02;WILLYS GOTEBORG HVIT;GOTEBORG;SEK;0.0;330.4
2025-04-01;2025-04-02;WILLYS GOTEBORG HVIT;GOTEBORG;SEK;0.0;345.0
2025-03-31;2025-04-01;BEETS;GOTEBORG;SEK;0.0;145.0
2025-03-30;2025-03-31;BOLT.EU/O/2503301750;WARSAW;PLN;59.1;157.86
2025-03-30;2025-03-31;GREEN EGG SP. Z O.O.;GDANSK;PLN;67.0;178.95
2025-03-30;2025-03-31;HOLY GREENS AB;MALMOE;SEK;0.0;167.0
2025-03-30;2025-03-31;KLUB PARLAMENT BAR IV;GDANSK;PLN;10.0;26.71
2025-03-30;2025-03-31;KLUB PARLAMENT BAR IV;GDANSK;PLN;42.0;112.18
2025-03-30;2025-03-31;LAGARDERE DUTY FREE G;GDANSK;PLN;10.0;26.71
2025-03-30;2025-03-31;MUZEUM BISTRO;GDANSK;PLN;6.5;17.36
2025-03-30;2025-03-31;PRESSBYRAN 4208168;STOCKHOLM;SEK;0.0;160.0
2025-03-29;2025-03-31;APTEKA AKSAMITNA;GDANSK;PLN;37.89;101.2
2025-03-29;2025-03-31;BOLT.EU/R/2503291637;TALLINN;PLN;10.68;28.53
2025-03-29;2025-03-31;HELP.MAX.COM;STOCKHOLM;SEK;0.0;64.5
2025-03-29;2025-03-31;KLUB PARLAMENT XI;GDANSK;PLN;10.0;26.71
2025-03-29;2025-03-31;NETTO 5546 K.1;GDANSK;PLN;78.96;210.9
2025-03-29;2025-03-31;PRESSBYRAN 4205143;STOCKHOLM;SEK;0.0;95.0
2025-03-29;2025-03-31;SEXY SMASH;GDANSK;PLN;94.0;251.06
2025-03-29;2025-03-31;TEHUSET;STOCKHOLM;SEK;0.0;118.0
2025-03-29;2025-03-31;UBR* PENDING.UBER.COM;AMSTERDAM;SEK;0.0;105.0
2025-03-28;2025-03-31;BEETS;GOTEBORG;SEK;0.0;149.0
2025-03-28;2025-03-31;LIDL 329 GBG KUNGSGATA;GÖTEBORG;SEK;0.0;21.9
2025-03-28;2025-03-31;SL;STOCKHOLM;SEK;0.0;43.0
2025-03-27;2025-03-28;PRIME GRILL GOETEBORG;GOETEBORG;SEK;0.0;62.0
2025-03-26;2025-03-27;ARKET SE0702;GOETEBORG;SEK;0.0;149.0
2025-03-26;2025-03-28;WILLYS GOTEBORG HVIT;GOTEBORG;SEK;0.0;396.8
2025-03-25;2025-03-26;FOODORA AB;STOCKHOLM;SEK;0.0;-651.0
2025-03-25;2025-03-26;HOLY GREENS AB;MALMOE;SEK;0.0;258.0
2025-03-25;2025-03-26;LIDL 329 GBG KUNGSGATA;GÖTEBORG;SEK;0.0;92.3
2025-03-25;2025-03-25;SATS KOMPASSEN;GOETEBORG;SEK;0.0;23.0
2025-03-25;2025-03-26;VASTTRAFIK TO GO;SKOVDE;SEK;0.0;7.0
2025-03-25;2025-03-26;VASTTRAFIK TO GO;SKOVDE;SEK;0.0;37.0
2025-03-24;2025-03-25;HOLY GREENS AB;MALMOE;SEK;0.0;129.0
2025-03-24;2025-03-25;KICKS 814 KUNGSG, GO;GOTEBORG;SEK;0.0;1063.0
2025-03-24;2025-03-25;SE0234;GOETEBORG;SEK;0.0;530.0
2025-03-23;2025-03-24;PARKERING GÖTEB;GÖTEBORG;SEK;0.0;382.0
2025-03-23;2025-03-24;ST1 G¦TEBORG STUREPLAT;G¦TEBORG;SEK;0.0;270.07
2025-03-23;2025-03-24;UBR* PENDING.UBER.COM;AMSTERDAM;SEK;0.0;123.0
2025-03-23;2025-03-24;VASTTRAFIK TO GO;SKOVDE;SEK;0.0;37.0
2025-03-22;2025-03-24;FOODORA AB;STOCKHOLM;SEK;0.0;651.0
2025-03-22;2025-03-24;HOTELL HJORTVIK;HINDAAS;SEK;0.0;1905.0
2025-03-22;2025-03-24;MCD LANDVETTER;HÄRRYDA;SEK;0.0;401.0
2025-03-22;2025-03-24;PARKERING GÖTEB;GÖTEBORG;SEK;0.0;60.0
2025-03-22;2025-03-24;SKANSTORGET RESTAURANG;GOETEBORG;SEK;0.0;100.8
2025-03-22;2025-03-24;SKANSTORGET RESTAURANG;GOETEBORG;SEK;0.0;1705.2
2025-03-22;2025-03-24;SKANSTORGET RESTAURANG;GOETEBORG;SEK;0.0;3343.0
2025-03-22;2025-03-24;SKANSTORGET RESTAURANG;GOETEBORG;SEK;0.0;6683.25
2025-03-22;2025-03-24;UBR* PENDING.UBER.COM;AMSTERDAM;SEK;0.0;102.0
2025-03-22;2025-03-24;VASTTRAFIK TO GO;SKOVDE;SEK;0.0;37.0
2025-03-22;2025-03-24;WBDSPORTS;STOCKHOLM;SEK;0.0;260.0
2025-03-22;2025-03-24;WILLYS GOTEBORG HVIT;GOTEBORG;SEK;0.0;199.7
2025-03-21;2025-03-24;7-ELEVEN 4116150;GOETEBORG;SEK;0.0;22.0
2025-03-21;2025-03-24;AHLENS GOETEBORG KUNGS;GOETEBORG;SEK;0.0;527.0
2025-03-21;2025-03-24;BODEGA PARTY;GOTEBORG;SEK;0.0;517.0
2025-03-21;2025-03-24;FOODORA AB;STOCKHOLM;SEK;0.0;459.0
2025-03-21;2025-03-24;INDISKA HORNET;GOTEBORG;SEK;0.0;470.0
2025-03-21;2025-03-24;PASTOR - STORA SALUHAL;GOTEBORG;SEK;0.0;125.0
2025-03-21;2025-03-24;SYSTEMBOLAGET;GOETEBORG;SEK;0.0;368.0
2025-03-21;2025-03-24;WILLYS GOTEBORG HVIT;GOTEBORG;SEK;0.0;1981.77
2025-03-19;2025-03-20;PRESSBYRAN 4344040;GOETEBORG;SEK;0.0;71.0
2025-03-18;2025-03-19;JOEANDTHEJUICE;GATEBORG;SEK;0.0;160.0
2025-03-18;2025-03-18;SPOTIFY P3508EEB5C;STOCKHOLM;SEK;0.0;119.0
2025-03-17;2025-03-18;BEETS;GOTEBORG;SEK;0.0;145.0
2025-03-17;2025-03-18;BODEGA PARTY;GOTEBORG;SEK;0.0;326.0
2025-03-16;2025-03-17;BOLT.EU/O/2503152335;TALLINN;SEK;0.0;91.0
2025-03-16;2025-03-17;NETFLIX.COM;AMSTERDAM;SEK;0.0;199.0
2025-03-16;2025-03-17;WILLYS GOTEBORG HVIT;GOTEBORG;SEK;0.0;21.9
2025-03-16;2025-03-17;WILLYS GOTEBORG HVIT;GOTEBORG;SEK;0.0;176.4
2025-03-16;2025-03-17;WILLYS GOTEBORG HVIT;GOTEBORG;SEK;0.0;350.24
2025-03-15;2025-03-17;APOTEK HJARTAT KUNGSGA;GOTEBORG;SEK;0.0;401.9
2025-03-15;2025-03-17;BOLT.EU/O/2503152015;TALLINN;SEK;0.0;67.0
2025-03-15;2025-03-17;JOEANDTHEJUICE;GATEBORG;SEK;0.0;90.0
2025-03-15;2025-03-17;SYSTEMBOLAGET;GOETEBORG;SEK;0.0;536.0
2025-03-15;2025-03-17;TV4 PLAY;STOCKHOLM;SEK;0.0;299.0
2025-03-15;2025-03-17;WILLYS GOTEBORG HVIT;GOTEBORG;SEK;0.0;19.5
2025-03-14;2025-03-17;7-ELEVEN GBG KUNGSPORT;GOETEBORG;SEK;0.0;98.0
2025-03-14;2025-03-17;ARKET SE0702;GOETEBORG;SEK;0.0;149.0
2025-03-14;2025-03-17;DINE BURGERS;GOTEBORG;SEK;0.0;148.0
2025-03-14;2025-03-17;PINCHOS HEDEN;GOTEBORG;SEK;0.0;75.0
2025-03-13;;BETALT BG DATUM 250313;;SEK;0.0;-46944.25
2025-03-13;2025-03-14;HARMONI DUMPLINGS;GOTEBORG;SEK;0.0;85.0
2025-03-13;2025-03-13;KLARNA BONNIER-LOCAL;STOCKHOLM;SEK;0.0;25.0
2025-03-13;2025-03-14;PUTA MADRE/BASQUE;GÖTEBORG;SEK;0.0;369.0
2025-03-12;2025-03-13;BEETS;GOTEBORG;SEK;0.0;149.0
2025-03-12;2025-03-14;W*MMSPORTS.SE;ASKIM;SEK;0.0;979.0
2025-03-12;2025-03-13;WILLYS GOTEBORG HVIT;GOTEBORG;SEK;0.0;299.37
2025-03-11;2025-03-12;BEETS SALADS BAR;GOTEBORG;SEK;0.0;145.0
2025-03-11;2025-03-12;S O LARSSON;GOTEBORG;SEK;0.0;89.0
2025-03-11;2025-03-12;SJ APP;STOCKHOLM;SEK;0.0;1770.0
2025-03-11;2025-03-12;WILLYS GOTEBORG HVIT;GOTEBORG;SEK;0.0;184.05
2025-03-11;2025-03-12;WILLYS GOTEBORG HVIT;GOTEBORG;SEK;0.0;375.1
2025-03-10;2025-03-10;7-ELEVEN 4515158;GOETEBORG;SEK;0.0;51.0
2025-03-10;2025-03-11;BEETS SALADS BAR;GOTEBORG;SEK;0.0;149.0
2025-03-10;2025-03-11;DELI OCH COFFEE;GOTEBORG;SEK;0.0;150.0
2025-03-10;2025-03-11;S O LARSSON;GOTEBORG;SEK;0.0;99.0
2025-03-09;2025-03-10;ST1 S¦DERLEDEN;MELLBYSTRAND;SEK;0.0;529.19
2025-03-09;2025-03-10;UBR* PENDING.UBER.COM;AMSTERDAM;SEK;0.0;57.0
2025-03-08;2025-03-10;HEMMAKVÄLL HALM;HALMSTAD;SEK;0.0;23.9
2025-03-08;2025-03-10;SYSTEMBOLAGET;HALMSTAD;SEK;0.0;318.0
2025-03-07;2025-03-07;7-ELEVEN 4116150;GOETEBORG;SEK;0.0;49.0
2025-03-07;2025-03-10;LIDL 329 GBG KUNGSGATA;GÖTEBORG;SEK;0.0;31.9
2025-03-07;2025-03-10;SYSTEMBOLAGET;GOETEBORG;SEK;0.0;159.0
2025-03-06;2025-03-07;JINX DYNASTY;GOTEBORG;SEK;0.0;130.0
2025-03-06;2025-03-07;KD APOTEK;GOTEBORG;SEK;0.0;95.0
2025-03-06;2025-03-10;NK SKOR GBG;GOTEBORG;SEK;0.0;4665.0
2025-03-05;2025-03-05;7-ELEVEN 4515158;GOETEBORG;SEK;0.0;28.0
2025-03-05;2025-03-06;WILLYS GOTEBORG HVIT;GOTEBORG;SEK;0.0;236.26
2025-03-04;2025-03-04;7-ELEVEN 4515158;GOETEBORG;SEK;0.0;67.0
2025-03-03;2025-03-04;7-ELEVEN 4215200;GOETEBORG;SEK;0.0;61.0
2025-03-03;2025-03-04;LIDL 329 GBG KUNGSGATA;GÖTEBORG;SEK;0.0;21.5
2025-03-02;2025-03-03;7-ELEVEN 4116150;GOETEBORG;SEK;0.0;87.0
2025-03-02;2025-03-03;KLARNA*SNUSBOLAGET.S;HANINGE;SEK;0.0;1799.4
2025-03-02;2025-03-03;LEKIA KUNGSGATAN;GOTEBORG;SEK;0.0;213.5
2025-03-02;2025-03-03;NK BEAUTY GBG;GA.TEBORG;SEK;0.0;593.0
2025-03-02;2025-03-03;VACKER NK GÖTEB;GOTEBORG;SEK;0.0;808.0
2025-03-02;2025-03-03;WILLYS GOTEBORG HVIT;GOTEBORG;SEK;0.0;253.02
2025-03-01;2025-03-03;WILLYS GOTEBORG HVIT;GOTEBORG;SEK;0.0;157.0
2025-03-01;2025-03-03;WILLYS GOTEBORG HVIT;GOTEBORG;SEK;0.0;245.7
2025-03-01;2025-03-03;WILLYS GOTEBORG HVIT;GOTEBORG;SEK;0.0;267.8
2025-02-28;2025-03-03;HELP.MAX.COM;STOCKHOLM;SEK;0.0;64.5
2025-02-27;;HOLY GREENS AB;MALMOE;SEK;0.0;174.0
2025-02-26;;LIDL 329 GBG KUNGSGATA;GÖTEBORG;SEK;0.0;106.45
2025-02-25;;VASTTRAFIK TO GO;SKOVDE;SEK;0.0;37.0
2025-02-23;;KLARNA*BOKUS.COM;STOCKHOLM;SEK;0.0;118.0
2025-02-23;;WILLYS GOTEBORG HVIT;GOTEBORG;SEK;0.0;325.7
2025-02-23;;WILLYS GOTEBORG HVIT;GOTEBORG;SEK;0.0;382.72
2025-02-22;;7-ELEVEN 4116150;GOETEBORG;SEK;0.0;76.0
2025-02-22;;APPLE.COM/BILL;ITUNES.COM;SEK;0.0;39.0
2025-02-22;;FOODORA AB;STOCKHOLM;SEK;0.0;320.0
2025-02-22;;MOONGLOW;GOTEBORG;SEK;0.0;1034.25
2025-02-21;;FOODIE;GOTEBORG;SEK;0.0;169.0
2025-02-21;;JEPPES FAMILJEKROG AB;G¦TEBORG;SEK;0.0;528.0
2025-02-21;;WILLYS GOTEBORG HVIT;GOTEBORG;SEK;0.0;38.17
2025-02-20;;7-ELEVEN 4515158;GOETEBORG;SEK;0.0;98.0
2025-02-20;;CHICCA BELLONI;GOTEBORG;SEK;0.0;1597.2
2025-02-20;;PHO KIM;GOTEBORG;SEK;0.0;116.1
2025-02-20;;STYLE BARBERSHOP;GOTEBORG;SEK;0.0;389.0
2025-02-19;;APOTEK HJARTAT KUNGSGA;GOTEBORG;SEK;0.0;144.9
2025-02-19;;ARKET SE0702;GOETEBORG;SEK;0.0;149.0
2025-02-18;;BIOPALATSET GOT;GOTEBORG;SEK;0.0;58.0
2025-02-18;;HOLY GREENS AB;MALMOE;SEK;0.0;137.0
2025-02-18;;KOPPS;GOTEBORG;SEK;0.0;75.0
2025-02-18;;KOPPS;GOTEBORG;SEK;0.0;135.0
2025-02-18;;MR SHOU KUNGSTORGET;GOTEBORG;SEK;0.0;258.0
2025-02-18;;MU THAI STREET FOOD;GOTEBORG;SEK;0.0;119.0
2025-02-18;;SPOTIFY P34286D83D;STOCKHOLM;SEK;0.0;119.0
2025-02-17;;BETALT BG DATUM 250217;;SEK;0.0;-50000.0
2025-02-17;;BETALT BG DATUM 250217;;SEK;0.0;-15901.02
2025-02-17;;SATS KOMPASSEN;GOETEBORG;SEK;0.0;35.0
2025-02-17;;VASTTRAFIK TO GO;SKOVDE;SEK;0.0;22.0
2025-02-17;;VASTTRAFIK TO GO;SKOVDE;SEK;0.0;74.0
2025-02-16;;CLARION HOTEL POST;GOETEBORG;SEK;0.0;410.0
2025-02-16;;FLUGGER AB;GOTEBORG;SEK;0.0;305.35
2025-02-16;;KLARNA*APOTEA;STOCKHOLM;SEK;0.0;339.0
2025-02-16;;NETFLIX.COM;AMSTERDAM;SEK;0.0;199.0
2025-02-16;;VASTTRAFIK TO GO;SKOVDE;SEK;0.0;74.0
2025-02-15;;NK KIDS & TEENS GBG;GA.TEBORG;SEK;0.0;291.0
2025-02-15;;SARO BLOMSTERMALA REST;SARO;SEK;0.0;848.1
2025-02-15;;TV4 PLAY;STOCKHOLM;SEK;0.0;299.0
2025-02-15;;VASTTRAFIK TO GO;SKOVDE;SEK;0.0;74.0
2025-02-15;;WILLYS GOTEBORG HVIT;GOTEBORG;SEK;0.0;272.8
2025-02-14;;AKTIEBOLAGET TI;GOTEBORG;SEK;0.0;1955.8
2025-02-14;;SYSTEMBOLAGET;GOETEBORG;SEK;0.0;416.6
2025-02-14;;UBR* PENDING.UBER.COM;AMSTERDAM;SEK;0.0;94.0
2025-02-13;;BELLE CELINE AB;GOTEBORG;SEK;0.0;3385.0
2025-02-13;;ESPRESSO HOUSE 236;GOETEBORG;SEK;0.0;138.0
2025-02-13;;KLARNA BONNIER-LOCAL;STOCKHOLM;SEK;0.0;25.0
2025-02-13;;WILLYS GOTEBORG HVIT;GOTEBORG;SEK;0.0;526.58
2025-02-12;;NK BEAUTY GBG;GA.TEBORG;SEK;0.0;1585.0
2025-02-12;;NK KOK & DESIGN GBG;GA.TEBORG;SEK;0.0;179.0
2025-02-11;;POTTAN - GÖTEBO;GOTEBORG;SEK;0.0;10.0
2025-02-11;;PRESSBYRAN 4250150;STOCKHOLM;SEK;0.0;81.0
2025-02-11;;SL;STOCKHOLM;SEK;0.0;43.0
2025-02-11;;VASTTRAFIK TO GO;SKOVDE;SEK;0.0;37.0
2025-02-10;;7-ELEVEN 4015207;GOETEBORG;SEK;0.0;10.0
2025-02-10;;7-ELEVEN 4515158;GOETEBORG;SEK;0.0;34.0
2025-02-10;;JOEANDTHEJUICE;GATEBORG;SEK;0.0;178.0
2025-02-10;;POLISEN 1400 GO;GOTEBORG;SEK;0.0;500.0
2025-02-10;;SL;STOCKHOLM;SEK;0.0;43.0
2025-02-10;;THE HILLS STOCK;STOCKHOLM;SEK;0.0;3890.25
2025-02-09;;FOODORA AB;STOCKHOLM;SEK;0.0;459.0
2025-02-09;;JOTEX SWEDEN AB;BORAS;SEK;0.0;259.3
2025-02-09;;WILLYS GOTEBORG HVIT;GOTEBORG;SEK;0.0;174.17
2025-02-09;;WILLYS GOTEBORG HVIT;GOTEBORG;SEK;0.0;403.05
2025-02-08;;KD APOTEK;GOTEBORG;SEK;0.0;745.0
2025-02-08;;LIDL 329 GBG KUNGSGATA;GÖTEBORG;SEK;0.0;42.4
2025-02-08;;STEINBRENNER OCH NYBER;GOTEBORG;SEK;0.0;199.0
2025-02-08;;VASTTRAFIK TO GO;SKOVDE;SEK;0.0;74.0
2025-02-07;;MA CUISINE;GOTEBORG;SEK;0.0;4217.4
2025-02-07;;NINTENDO CA1353251228;FRANKFURT AM;SEK;0.0;1049.0
2025-02-06;;ZETTLE_*MINDPARK GOTEB;GOTEBORG;SEK;0.0;96.0
2025-02-05;;DELI OCH COFFEE;GOTEBORG;SEK;0.0;160.0
2025-02-04;;JOE  THE JUICE NG AB;STOCKHOLM;SEK;0.0;268.0
2025-02-04;;W*MMSPORTS.SE;ASKIM;SEK;0.0;979.0
2025-02-03;;HOLY GREENS AB;MALMOE;SEK;0.0;139.0
2025-02-03;;KOPPS;GOTEBORG;SEK;0.0;85.0
2025-02-03;;KOPPS;GOTEBORG;SEK;0.0;114.0
2025-02-03;;MADE IN CHINA;GOETEBORG;SEK;0.0;474.6
2025-02-02;;BOLT.EU/O/2502020828;TALLINN;SEK;0.0;99.0
2025-02-02;;HOTELL ANNO 164;LINKOPING;SEK;0.0;5543.0
2025-02-02;;VASTTRAFIK TO GO;SKOVDE;SEK;0.0;74.0
2025-02-02;;WILLYS GOTEBORG HVIT;GOTEBORG;SEK;0.0;93.8
2025-02-02;;WILLYS GOTEBORG HVIT;GOTEBORG;SEK;0.0;299.0
2025-02-02;;WILLYS GOTEBORG HVIT;GOTEBORG;SEK;0.0;326.37
2025-02-01;;7-ELEVEN 4116150;GOETEBORG;SEK;0.0;56.0
2025-02-01;;GOTEBORG CITY MAT &;GOTEBORG;SEK;0.0;304.0
2025-02-01;;GOTEBORG CITY MAT &;GOTEBORG;SEK;0.0;408.0
2025-02-01;;HOLY GREENS AB;MALMOE;SEK;0.0;174.0
2025-02-01;;LIDL 329 GBG KUNGSGATA;GÖTEBORG;SEK;0.0;23.5
2025-02-01;;NK BEAUTY GBG;GA.TEBORG;SEK;0.0;1335.0
2025-02-01;;NK TRAVEL GBG;GA.TEBORG;SEK;0.0;1859.0
2025-02-01;;WILLYS GOTEBORG HVIT;GOTEBORG;SEK;0.0;366.99
2025-01-31;;7-ELEVEN 4515158;GOETEBORG;SEK;0.0;34.0
2025-01-31;;AL BANCO PASTA;GOTEBORG;SEK;0.0;1300.0
2025-01-31;;RITUALS COSMETICS SWED;GOETEBORG;SEK;0.0;999.0
2025-01-31;;SYSTEMBOLAGET;GOETEBORG;SEK;0.0;469.6
2025-01-31;;WILLYS GOTEBORG HVIT;GOTEBORG;SEK;0.0;121.1
2025-01-30;;DELI OCH COFFEE;GOTEBORG;SEK;0.0;140.0
2025-01-30;;HELP.MAX.COM;STOCKHOLM;SEK;0.0;64.5
2025-01-29;;JOEANDTHEJUICE;GATEBORG;SEK;0.0;173.0
2025-01-29;;KJELL & CO 69;GOTEBORG;SEK;0.0;-699.0
2025-01-29;;KJELL & CO 69;GOTEBORG;SEK;0.0;1639.9
2025-01-29;;LIDL 329 GBG KUNGSGATA;GÖTEBORG;SEK;0.0;140.4
2025-01-28;;VASTTRAFIK TO GO;SKOVDE;SEK;0.0;37.0
2025-01-27;;APOTEK HJARTAT KUNGSGA;GOTEBORG;SEK;0.0;179.0
2025-01-26;;SORELLINA;GOTEBORG;SEK;0.0;544.5
2025-01-26;;SWEET*JACY Z HOTEL RES;STOCKHOLM;SEK;0.0;195.0
2025-01-26;;UBR* PENDING.UBER.COM;AMSTERDAM;SEK;0.0;107.0
2025-01-26;;VASTTRAFIK TO GO;SKOVDE;SEK;0.0;74.0
2025-01-26;;WILLYS GOTEBORG HVIT;GOTEBORG;SEK;0.0;227.4
2025-01-26;;WILLYS GOTEBORG HVIT;GOTEBORG;SEK;0.0;423.1
2025-01-24;;7-ELEVEN 4515158;GOETEBORG;SEK;0.0;49.0
2025-01-24;;DINE BURGERS;GOTEBORG;SEK;0.0;148.0
2025-01-24;;S O LARSSON;GOTEBORG;SEK;0.0;89.0
2025-01-24;;WILLYS GOTEBORG HVIT;GOTEBORG;SEK;0.0;264.42
2025-01-23;;BIKT;GOTEBORG;SEK;0.0;310.0
2025-01-23;;DELI OCH COFFEE;GOTEBORG;SEK;0.0;157.0
2025-01-23;;JINX DYNASTY;GOTEBORG;SEK;0.0;130.0
2025-01-22;;7-ELEVEN 4515158;GOETEBORG;SEK;0.0;34.0
2025-01-22;;S O LARSSON;GOTEBORG;SEK;0.0;178.0
2025-01-21;;KOPPS;GOTEBORG;SEK;0.0;75.0
2025-01-21;;KOPPS;GOTEBORG;SEK;0.0;195.0
2025-01-21;;STUDIO DENTAL GOETEBOR;GOETEBORG;SEK;0.0;950.0
2025-01-21;;TWILFIT AB;GOTEBORG;SEK;0.0;559.8
2025-01-21;;WILLYS GOTEBORG HVIT;GOTEBORG;SEK;0.0;241.9
2025-01-20;;JOEANDTHEJUICE;GATEBORG;SEK;0.0;143.0
2025-01-19;;FLUGGER AB;GOTEBORG;SEK;0.0;309.3
2025-01-19;;KJELL & CO 69;GOTEBORG;SEK;0.0;998.8
2025-01-19;;VASTTRAFIK TO GO;SKOVDE;SEK;0.0;74.0
2025-01-18;;PRESSBYRAN 4028142;GOTEBORG;SEK;0.0;45.0
2025-01-18;;SPOTIFY P33524CE41;STOCKHOLM;SEK;0.0;119.0
2025-01-18;;VASTTRAFIK TO GO;SKOVDE;SEK;0.0;74.0
2025-01-18;;WILLYS GOTEBORG HVIT;GOTEBORG;SEK;0.0;256.02
2025-01-17;;7-ELEVEN 4515158;GOETEBORG;SEK;0.0;34.0
2025-01-17;;7-ELEVEN 4515158;GOETEBORG;SEK;0.0;42.0
2025-01-17;;ALDARDO;GOTEBORG;SEK;0.0;180.0
2025-01-17;;MOONGLOW;GOTEBORG;SEK;0.0;1502.55
2025-01-17;;WIDING O STOLLMAN;GOTEBORG;SEK;0.0;399.0
2025-01-16;;KLARNA*SNUSBOLAGET.S;STOCKHOLM;SEK;0.0;1799.4
2025-01-16;;LIDL 329 GBG KUNGSGATA;GÖTEBORG;SEK;0.0;118.6
2025-01-16;;NETFLIX.COM;AMSTERDAM;SEK;0.0;199.0
2025-01-16;;ZETTLE_*POKE CORNER;GOTEBORG;SEK;0.0;136.0
2025-01-15;;7-ELEVEN 4515158;GOETEBORG;SEK;0.0;34.0
2025-01-15;;WILLYS GOTEBORG HVIT;GOTEBORG;SEK;0.0;223.0
2025-01-14;;7-ELEVEN 4116150;GOETEBORG;SEK;0.0;28.0
2025-01-14;;HOLY GREENS AB;MALMOE;SEK;0.0;194.0
2025-01-14;;K SMILE ETT4;GÖTEBORG;SEK;0.0;1445.0
2025-01-13;;7-ELEVEN 4116150;GOETEBORG;SEK;0.0;23.1
2025-01-13;;BANH MI SHOP;GOTEBORG;SEK;0.0;115.0
2025-01-13;;BETALT BG DATUM 250113;;SEK;0.0;-28278.52
2025-01-13;;KLARNA*BONNIER-LOCAL;INTERNET;SEK;0.0;25.0
2025-01-12;;WILLYS GOTEBORG HVIT;GOTEBORG;SEK;0.0;173.22
2025-01-12;;WILLYS GOTEBORG HVIT;GOTEBORG;SEK;0.0;204.66
2025-01-10;;7-ELEVEN 4515158;GOETEBORG;SEK;0.0;28.0
2025-01-10;;BETALT BG DATUM 250110;;SEK;0.0;-40000.0
2025-01-09;;7-ELEVEN 4515158;GOETEBORG;SEK;0.0;28.0
2025-01-09;;WILLYS GOTEBORG HVIT;GOTEBORG;SEK;0.0;512.26
2025-01-07;;4051 WHS LS GOT;LANDVETTER;SEK;0.0;57.0
2025-01-07;;AUTOGRILL ITALIA 7206;FIUMICINO;EUR;7.4;86.84
2025-01-07;;TRENITALIA - LEFRECCE;ROMA;EUR;19.5;228.85
2025-01-07;;W*MMSPORTS.SE;ASKIM;SEK;0.0;979.0
2025-01-07;;WILLYS GOTEBORG HVIT;GOTEBORG;SEK;0.0;295.19
2025-01-06;;DR MAX STATUTO;ROMA;EUR;35.58;416.98
2025-01-06;;LARINASCENTE TRITONE 1;ROMA;EUR;64.0;750.04
2025-01-06;;SUMUP  *BAR GELATERIA;ROMA;EUR;3.0;35.16
2025-01-05;;ATAC TAP&GO;ROMA;EUR;4.5;52.73
2025-01-05;;CONAD;ROMA;EUR;31.52;369.39
2025-01-05;;IL NUOVO SOLE SRL;ROMA;EUR;10.5;123.05
2025-01-05;;LA RINASCENTE ROMA TRI;ROMA;EUR;199.0;2332.14
2025-01-05;;LARINASCENTE TRITONE 6;ROMA;EUR;255.0;2988.42
2025-01-05;;LUFTHANSA RETAIL INMOT;KOELN;EUR;6.0;70.32
2025-01-05;;TRENITALIA - LEFRECCE;ROMA;EUR;28.0;328.14
2025-01-05;;VIKTUALIENMARKT 2;M~NCHEN-FLUGH;EUR;27.8;325.8
2025-01-04;;BOLT.EU/O/2501040117;TALLINN;SEK;0.0;95.0
2025-01-04;;BOLT.EU/O/2501041158;TALLINN;SEK;0.0;118.0
2025-01-03;;ELGIGANTEN.SE;KISTAD;SEK;0.0;-899.0
2025-01-03;;GOTEBORG CITY MAT &;GOTEBORG;SEK;0.0;513.0
2025-01-02;;7-ELEVEN 4515158;GOETEBORG;SEK;0.0;28.0
2025-01-02;;ELGIGANTEN.SE;KISTAD;SEK;0.0;21694.0
2025-01-02;;FOODORA AB;STOCKHOLM;SEK;0.0;554.0
2025-01-02;;SVEA*GRANSBYGDEN.S;MARKARYD;SEK;0.0;14744.25
2025-01-02;;WILLYS GOTEBORG HVIT;GOTEBORG;SEK;0.0;306.89
2025-01-01;;NINTENDO CA1331955736;FRANKFURT AM;SEK;0.0;101.0
2024-12-31;;NK KOK & DESIGN GBG;GA.TEBORG;SEK;0.0;455.0
2024-12-31;;SYSTEMBOLAGET;GOETEBORG;SEK;0.0;476.0
2024-12-31;;SYSTEMBOLAGET;GOETEBORG;SEK;0.0;1110.9
2024-12-31;;WILLYS GOTEBORG HVIT;GOTEBORG;SEK;0.0;290.5
2024-12-31;;WILLYS GOTEBORG HVIT;GOTEBORG;SEK;0.0;293.1
2024-12-30;;HALLANDSTRAFIKE;FALKENBERG;SEK;0.0;393.0
2024-12-30;;HELP.MAX.COM;STOCKHOLM;SEK;0.0;64.5
2024-12-29;;FOODMARKET I HALMSTAD;HALMSTAD;SEK;0.0;140.0
2024-12-29;;FOODMARKET I HALMSTAD;HALMSTAD;SEK;0.0;165.0
2024-12-29;;JYSK STENALYCKAN;HALMSTAD;SEK;0.0;269.0
2024-12-29;;LAGERHAUS HALMSTAD HAL;HALMSTAD;SEK;0.0;59.0
2024-12-29;;LAGERHAUS HALMSTAD HAL;HALMSTAD;SEK;0.0;867.0
2024-12-28;;ZETTLE_*CHOCOLATERIAN;BASTAD;SEK;0.0;165.0
2024-12-26;;HALLANDSTRAFIKE;FALKENBERG;SEK;0.0;393.0
2024-12-26;;MAXI ICA STORMARKNAD M;MELLBYSTRAND;SEK;0.0;752.41
2024-12-26;;PRESSBYRAN 4128810;GOETEBORG;SEK;0.0;53.0
2024-12-26;;SAMSOEE  SAMSOEE;GOETEBORG;SEK;0.0;2720.0
2024-12-26;;VALLGATAN 12 FA;GOTEBORG;SEK;0.0;2800.0
2024-12-25;;7-ELEVEN 5020148;GOETEBORG;SEK;0.0;56.0
2024-12-25;;NYX*PARKOCHNATURFOERVA;GOETEBORG;SEK;0.0;5.0
2024-12-25;;UBR* PENDING.UBER.COM;AMSTERDAM;SEK;0.0;76.0
2024-12-25;;UBR* PENDING.UBER.COM;AMSTERDAM;SEK;0.0;94.0
2024-12-24;;WILLYS GOTEBORG HVIT;GOTEBORG;SEK;0.0;337.95
2024-12-23;;BOLT.EU/O/2412231703;TALLINN;SEK;0.0;139.0
2024-12-23;;FESKEKORKA;GOTEBORG;SEK;0.0;520.0
2024-12-23;;UBR* PENDING.UBER.COM;AMSTERDAM;SEK;0.0;94.0
2024-12-23;;WILLYS GOTEBORG HVIT;GOTEBORG;SEK;0.0;66.7
2024-12-23;;WILLYS GOTEBORG HVIT;GOTEBORG;SEK;0.0;110.7
2024-12-22;;ARKET SE0702;GOETEBORG;SEK;0.0;1493.0
2024-12-22;;ARTILLERIET KITCHEN;GOETEBORG;SEK;0.0;1030.0
2024-12-22;;GOTEBORG CITY MAT &;GOTEBORG;SEK;0.0;300.0
2024-12-22;;NK SKOR GBG;GOTEBORG;SEK;0.0;1450.0
2024-12-22;;VALLGATAN 12 FA;GOTEBORG;SEK;0.0;2200.0
2024-12-22;;WILLYS GOTEBORG HVIT;GOTEBORG;SEK;0.0;295.78
2024-12-22;;WILLYS GOTEBORG HVIT;GOTEBORG;SEK;0.0;584.7
2024-12-21;;WILLYS GOTEBORG HVIT;GOTEBORG;SEK;0.0;270.68
2024-12-20;;7-ELEVEN 4515158;GOETEBORG;SEK;0.0;61.0
2024-12-20;;FOODORA AB;STOCKHOLM;SEK;0.0;459.0
2024-12-20;;STYLE BARBERSHOP;GOTEBORG;SEK;0.0;588.0
2024-12-20;;SYSTEMBOLAGET;GOETEBORG;SEK;0.0;714.6
2024-12-18;;BETALT BG DATUM 241218;;SEK;0.0;-15810.96
2024-12-18;;DELI OCH COFFEE;GOTEBORG;SEK;0.0;255.0
2024-12-18;;SPOTIFY P3275C400D;STOCKHOLM;SEK;0.0;119.0
2024-12-17;;HEMTEX KUNGSGAT;GOTEBORG;SEK;0.0;343.9
2024-12-17;;HOLY GREENS AB;MALMOE;SEK;0.0;129.0
2024-12-16;;APOTEK HJARTAT KUNGSGA;GOTEBORG;SEK;0.0;177.9
2024-12-16;;DELI OCH COFFEE;GOTEBORG;SEK;0.0;155.0
2024-12-16;;NETFLIX.COM;AMSTERDAM;SEK;0.0;199.0
2024-12-15;;HALLANDSTRAFIKE;FALKENBERG;SEK;0.0;755.44
2024-12-15;;MAX BURGERS 7610004_KI;KOEBENHAVN V;DKK;185.0;293.49
2024-12-15;;SP BBC3C4;SPARSOR;SEK;0.0;1116.8
2024-12-15;;WILLYS GOTEBORG HVIT;GOTEBORG;SEK;0.0;305.7
2024-12-15;;ZETTLE_*ARLI EVENT APS;KOBENHAVN K;DKK;30.0;47.59
2024-12-15;;ZETTLE_*ZANDER EVENTS;FREDERIKSBERG;DKK;95.0;150.72
2024-12-14;;7-ELEVEN 4015207;GOETEBORG;SEK;0.0;38.0
2024-12-14;;7-ELEVEN 4515158;GOETEBORG;SEK;0.0;55.0
2024-12-14;;RICHMONDHOTEL;COPENHAGEN;DKK;1556.1;2468.67
2024-12-14;;SJ.SE;STOCKHOLM;SEK;0.0;556.0
2024-12-14;;TESALON TIVOLI;KOEBENHAVN V;DKK;85.0;134.84
2024-12-14;;TIVOLI AS;KOEBENHAVN V;DKK;180.0;285.56
2024-12-14;;TIVOLI INDG. - 922960;COPENHAGEN;DKK;200.0;317.29
2024-12-14;;ZOCALO TIVOLI FOOD P;KOEBENHAVN;DKK;185.0;293.49
2024-12-13;;7-ELEVEN 4515158;GOETEBORG;SEK;0.0;28.0
2024-12-13;;HALLANDSTRAFIKE;FALKENBERG;SEK;0.0;238.0
2024-12-13;;KLARNA*BONNIER-LOCAL;STOCKHOLM;SEK;0.0;25.0
2024-12-12;;FOODORA AB;STOCKHOLM;SEK;0.0;593.0
2024-12-12;;S O LARSSON;GOTEBORG;SEK;0.0;89.0
2024-12-11;;SL;STOCKHOLM;SEK;0.0;84.0
2024-12-10;;7-ELEVEN 4515158;GOETEBORG;SEK;0.0;16.0
2024-12-10;;AHLENS GOETEBORG KUNGS;GOETEBORG;SEK;0.0;300.0
2024-12-10;;AKADEMIBOKHANDE;GÖTEBORG;SEK;0.0;199.0
2024-12-10;;WILLYS GOTEBORG HVIT;GOTEBORG;SEK;0.0;111.9
2024-12-09;;7-ELEVEN KORSETTEN;GOETEBORG;SEK;0.0;34.0
2024-12-08;;7-ELEVEN 4515158;GOETEBORG;SEK;0.0;100.0
2024-12-08;;BOLT.EU/O/2412082128;TALLINN;SEK;0.0;99.0
2024-12-08;;NK BEAUTY GBG;GA.TEBORG;SEK;0.0;330.0
2024-12-08;;PARKERING GÖTEB;GÖTEBORG;SEK;0.0;4.0
2024-12-07;;AHLENS GOETEBORG KUNGS;GOETEBORG;SEK;0.0;205.4
2024-12-07;;KLARNA*SNUSBOLAGET.S;STOCKHOLM;SEK;0.0;2314.2
2024-12-07;;NEWPORT;GOETEBORG;SEK;0.0;584.0
2024-12-07;;WILLYS GOTEBORG HVIT;GOTEBORG;SEK;0.0;201.68
2024-12-07;;WILLYS GOTEBORG HVIT;GOTEBORG;SEK;0.0;213.87
2024-12-06;;SYSTEMBOLAGET;GOETEBORG;SEK;0.0;895.2
2024-12-06;;WILLYS GOTEBORG HVIT;GOTEBORG;SEK;0.0;433.94
2024-12-05;;LINDSTROEM  SONDEN AB;AENGELHOLM;SEK;0.0;9934.0
2024-12-05;;NK BEAUTY GBG;GA.TEBORG;SEK;0.0;330.0
2024-12-05;;SYSTEMBOLAGET;GOETEBORG;SEK;0.0;996.0
2024-12-05;;WILLYS GOTEBORG HVIT;GOTEBORG;SEK;0.0;434.8
2024-12-05;;WILLYS GOTEBORG HVIT;GOTEBORG;SEK;0.0;459.9
2024-12-01;;BOPLATS GÖTEBOR;GOTEBORG;SEK;0.0;200.0
2024-12-01;;CONDECO AB;GOTEBORG;SEK;0.0;159.0
2024-12-01;;WILLYS GOTEBORG HVIT;GOTEBORG;SEK;0.0;32.9
2024-11-30;;ELGIGANTEN.SE;KISTAD;SEK;0.0;10490.0
2024-11-30;;HELP.MAX.COM;STOCKHOLM;SEK;0.0;64.5
2024-11-30;;KLARNA*VITVARUEXPERT;INTERNET;SEK;0.0;7338.0
2024-11-30;;SYSTEMBOLAGET;GOETEBORG;SEK;0.0;314.4
2024-11-30;;WILLYS GOTEBORG HVIT;GOTEBORG;SEK;0.0;235.9
2024-11-30;;WILLYS GOTEBORG HVIT;GOTEBORG;SEK;0.0;311.08
2024-11-29;;FOODIE;GOTEBORG;SEK;0.0;169.0
2024-11-29;;SYSTEMBOLAGET;GOETEBORG;SEK;0.0;215.1
2024-11-29;;WILLYS GOTEBORG HVIT;GOTEBORG;SEK;0.0;116.74
2024-11-29;;WILLYS GOTEBORG HVIT;GOTEBORG;SEK;0.0;270.1
2024-11-27;;W*MMSPORTS.SE;ASKIM;SEK;0.0;1581.0
